,Actor,Emotion,Emotional intensity,Modality ,Repetition,Statement,Vocal channel,emotion_label,file_name,full_path,gender_label
0,09,04,02,03,01,01,01,sad,03-01-04-02-01-01-09.wav,/home/batman/Dropbox/DATA/audio Ryerson/Audio_Speech_Actors_01-24/Actor_09/03-01-04-02-01-01-09.wav,Male
1,09,04,01,03,02,02,01,sad,03-01-04-01-02-02-09.wav,/home/batman/Dropbox/DATA/audio Ryerson/Audio_Speech_Actors_01-24/Actor_09/03-01-04-01-02-02-09.wav,Male
2,09,05,02,03,01,02,01,angry,03-01-05-02-02-01-09.wav,/home/batman/Dropbox/DATA/audio Ryerson/Audio_Speech_Actors_01-24/Actor_09/03-01-05-02-02-01-09.wav,Male
3,09,03,02,03,02,01,01,happy,03-01-03-02-01-02-09.wav,/home/batman/Dropbox/DATA/audio Ryerson/Audio_Speech_Actors_01-24/Actor_09/03-01-03-02-01-02-09.wav,Male
4,09,03,01,03,02,01,01,happy,03-01-03-01-01-02-09.wav,/home/batman/Dropbox/DATA/audio Ryerson/Audio_Speech_Actors_01-24/Actor_09/03-01-03-01-01-02-09.wav,Male
5,09,05,01,03,02,01,01,angry,03-01-05-01-01-02-09.wav,/home/batman/Dropbox/DATA/audio Ryerson/Audio_Speech_Actors_01-24/Actor_09/03-01-05-01-01-02-09.wav,Male
6,09,04,01,03,01,01,01,sad,03-01-04-01-01-01-09.wav,/home/batman/Dropbox/DATA/audio Ryerson/Audio_Speech_Actors_01-24/Actor_09/03-01-04-01-01-01-09.wav,Male
7,09,05,01,03,02,02,01,angry,03-01-05-01-02-02-09.wav,/home/batman/Dropbox/DATA/audio Ryerson/Audio_Speech_Actors_01-24/Actor_09/03-01-05-01-02-02-09.wav,Male
8,09,03,02,03,02,02,01,happy,03-01-03-02-02-02-09.wav,/home/batman/Dropbox/DATA/audio Ryerson/Audio_Speech_Actors_01-24/Actor_09/03-01-03-02-02-02-09.wav,Male
9,09,03,01,03,01,01,01,happy,03-01-03-01-01-01-09.wav,/home/batman/Dropbox/DATA/audio Ryerson/Audio_Speech_Actors_01-24/Actor_09/03-01-03-01-01-01-09.wav,Male
10,09,03,01,03,01,02,01,happy,03-01-03-01-02-01-09.wav,/home/batman/Dropbox/DATA/audio Ryerson/Audio_Speech_Actors_01-24/Actor_09/03-01-03-01-02-01-09.wav,Male
11,09,03,02,03,01,01,01,happy,03-01-03-02-01-01-09.wav,/home/batman/Dropbox/DATA/audio Ryerson/Audio_Speech_Actors_01-24/Actor_09/03-01-03-02-01-01-09.wav,Male
12,09,04,01,03,01,02,01,sad,03-01-04-01-02-01-09.wav,/home/batman/Dropbox/DATA/audio Ryerson/Audio_Speech_Actors_01-24/Actor_09/03-01-04-01-02-01-09.wav,Male
13,09,03,02,03,01,02,01,happy,03-01-03-02-02-01-09.wav,/home/batman/Dropbox/DATA/audio Ryerson/Audio_Speech_Actors_01-24/Actor_09/03-01-03-02-02-01-09.wav,Male
14,09,05,02,03,02,02,01,angry,03-01-05-02-02-02-09.wav,/home/batman/Dropbox/DATA/audio Ryerson/Audio_Speech_Actors_01-24/Actor_09/03-01-05-02-02-02-09.wav,Male
15,09,04,02,03,01,02,01,sad,03-01-04-02-02-01-09.wav,/home/batman/Dropbox/DATA/audio Ryerson/Audio_Speech_Actors_01-24/Actor_09/03-01-04-02-02-01-09.wav,Male
16,09,04,02,03,02,01,01,sad,03-01-04-02-01-02-09.wav,/home/batman/Dropbox/DATA/audio Ryerson/Audio_Speech_Actors_01-24/Actor_09/03-01-04-02-01-02-09.wav,Male
17,09,05,02,03,02,01,01,angry,03-01-05-02-01-02-09.wav,/home/batman/Dropbox/DATA/audio Ryerson/Audio_Speech_Actors_01-24/Actor_09/03-01-05-02-01-02-09.wav,Male
18,09,04,02,03,02,02,01,sad,03-01-04-02-02-02-09.wav,/home/batman/Dropbox/DATA/audio Ryerson/Audio_Speech_Actors_01-24/Actor_09/03-01-04-02-02-02-09.wav,Male
19,09,05,01,03,01,02,01,angry,03-01-05-01-02-01-09.wav,/home/batman/Dropbox/DATA/audio Ryerson/Audio_Speech_Actors_01-24/Actor_09/03-01-05-01-02-01-09.wav,Male
20,09,04,01,03,02,01,01,sad,03-01-04-01-01-02-09.wav,/home/batman/Dropbox/DATA/audio Ryerson/Audio_Speech_Actors_01-24/Actor_09/03-01-04-01-01-02-09.wav,Male
21,09,03,01,03,02,02,01,happy,03-01-03-01-02-02-09.wav,/home/batman/Dropbox/DATA/audio Ryerson/Audio_Speech_Actors_01-24/Actor_09/03-01-03-01-02-02-09.wav,Male
22,09,05,01,03,01,01,01,angry,03-01-05-01-01-01-09.wav,/home/batman/Dropbox/DATA/audio Ryerson/Audio_Speech_Actors_01-24/Actor_09/03-01-05-01-01-01-09.wav,Male
23,09,05,02,03,01,01,01,angry,03-01-05-02-01-01-09.wav,/home/batman/Dropbox/DATA/audio Ryerson/Audio_Speech_Actors_01-24/Actor_09/03-01-05-02-01-01-09.wav,Male
24,18,04,02,03,01,01,01,sad,03-01-04-02-01-01-18.wav,/home/batman/Dropbox/DATA/audio Ryerson/Audio_Speech_Actors_01-24/Actor_18/03-01-04-02-01-01-18.wav,Female
25,18,05,01,03,02,01,01,angry,03-01-05-01-01-02-18.wav,/home/batman/Dropbox/DATA/audio Ryerson/Audio_Speech_Actors_01-24/Actor_18/03-01-05-01-01-02-18.wav,Female
26,18,03,02,03,02,01,01,happy,03-01-03-02-01-02-18.wav,/home/batman/Dropbox/DATA/audio Ryerson/Audio_Speech_Actors_01-24/Actor_18/03-01-03-02-01-02-18.wav,Female
27,18,05,02,03,02,01,01,angry,03-01-05-02-01-02-18.wav,/home/batman/Dropbox/DATA/audio Ryerson/Audio_Speech_Actors_01-24/Actor_18/03-01-05-02-01-02-18.wav,Female
28,18,05,01,03,01,02,01,angry,03-01-05-01-02-01-18.wav,/home/batman/Dropbox/DATA/audio Ryerson/Audio_Speech_Actors_01-24/Actor_18/03-01-05-01-02-01-18.wav,Female
29,18,05,02,03,02,02,01,angry,03-01-05-02-02-02-18.wav,/home/batman/Dropbox/DATA/audio Ryerson/Audio_Speech_Actors_01-24/Actor_18/03-01-05-02-02-02-18.wav,Female
30,18,03,01,03,02,02,01,happy,03-01-03-01-02-02-18.wav,/home/batman/Dropbox/DATA/audio Ryerson/Audio_Speech_Actors_01-24/Actor_18/03-01-03-01-02-02-18.wav,Female
31,18,04,01,03,01,01,01,sad,03-01-04-01-01-01-18.wav,/home/batman/Dropbox/DATA/audio Ryerson/Audio_Speech_Actors_01-24/Actor_18/03-01-04-01-01-01-18.wav,Female
32,18,03,02,03,01,02,01,happy,03-01-03-02-02-01-18.wav,/home/batman/Dropbox/DATA/audio Ryerson/Audio_Speech_Actors_01-24/Actor_18/03-01-03-02-02-01-18.wav,Female
33,18,04,01,03,02,01,01,sad,03-01-04-01-01-02-18.wav,/home/batman/Dropbox/DATA/audio Ryerson/Audio_Speech_Actors_01-24/Actor_18/03-01-04-01-01-02-18.wav,Female
34,18,05,02,03,01,02,01,angry,03-01-05-02-02-01-18.wav,/home/batman/Dropbox/DATA/audio Ryerson/Audio_Speech_Actors_01-24/Actor_18/03-01-05-02-02-01-18.wav,Female
35,18,03,02,03,01,01,01,happy,03-01-03-02-01-01-18.wav,/home/batman/Dropbox/DATA/audio Ryerson/Audio_Speech_Actors_01-24/Actor_18/03-01-03-02-01-01-18.wav,Female
36,18,03,02,03,02,02,01,happy,03-01-03-02-02-02-18.wav,/home/batman/Dropbox/DATA/audio Ryerson/Audio_Speech_Actors_01-24/Actor_18/03-01-03-02-02-02-18.wav,Female
37,18,03,01,03,02,01,01,happy,03-01-03-01-01-02-18.wav,/home/batman/Dropbox/DATA/audio Ryerson/Audio_Speech_Actors_01-24/Actor_18/03-01-03-01-01-02-18.wav,Female
38,18,04,02,03,01,02,01,sad,03-01-04-02-02-01-18.wav,/home/batman/Dropbox/DATA/audio Ryerson/Audio_Speech_Actors_01-24/Actor_18/03-01-04-02-02-01-18.wav,Female
39,18,03,01,03,01,01,01,happy,03-01-03-01-01-01-18.wav,/home/batman/Dropbox/DATA/audio Ryerson/Audio_Speech_Actors_01-24/Actor_18/03-01-03-01-01-01-18.wav,Female
40,18,04,01,03,01,02,01,sad,03-01-04-01-02-01-18.wav,/home/batman/Dropbox/DATA/audio Ryerson/Audio_Speech_Actors_01-24/Actor_18/03-01-04-01-02-01-18.wav,Female
41,18,05,01,03,02,02,01,angry,03-01-05-01-02-02-18.wav,/home/batman/Dropbox/DATA/audio Ryerson/Audio_Speech_Actors_01-24/Actor_18/03-01-05-01-02-02-18.wav,Female
42,18,05,02,03,01,01,01,angry,03-01-05-02-01-01-18.wav,/home/batman/Dropbox/DATA/audio Ryerson/Audio_Speech_Actors_01-24/Actor_18/03-01-05-02-01-01-18.wav,Female
43,18,04,02,03,02,01,01,sad,03-01-04-02-01-02-18.wav,/home/batman/Dropbox/DATA/audio Ryerson/Audio_Speech_Actors_01-24/Actor_18/03-01-04-02-01-02-18.wav,Female
44,18,03,01,03,01,02,01,happy,03-01-03-01-02-01-18.wav,/home/batman/Dropbox/DATA/audio Ryerson/Audio_Speech_Actors_01-24/Actor_18/03-01-03-01-02-01-18.wav,Female
45,18,04,01,03,02,02,01,sad,03-01-04-01-02-02-18.wav,/home/batman/Dropbox/DATA/audio Ryerson/Audio_Speech_Actors_01-24/Actor_18/03-01-04-01-02-02-18.wav,Female
46,18,04,02,03,02,02,01,sad,03-01-04-02-02-02-18.wav,/home/batman/Dropbox/DATA/audio Ryerson/Audio_Speech_Actors_01-24/Actor_18/03-01-04-02-02-02-18.wav,Female
47,18,05,01,03,01,01,01,angry,03-01-05-01-01-01-18.wav,/home/batman/Dropbox/DATA/audio Ryerson/Audio_Speech_Actors_01-24/Actor_18/03-01-05-01-01-01-18.wav,Female
48,11,05,02,03,02,02,01,angry,03-01-05-02-02-02-11.wav,/home/batman/Dropbox/DATA/audio Ryerson/Audio_Speech_Actors_01-24/Actor_11/03-01-05-02-02-02-11.wav,Male
49,11,03,01,03,01,02,01,happy,03-01-03-01-02-01-11.wav,/home/batman/Dropbox/DATA/audio Ryerson/Audio_Speech_Actors_01-24/Actor_11/03-01-03-01-02-01-11.wav,Male
50,11,05,01,03,02,02,01,angry,03-01-05-01-02-02-11.wav,/home/batman/Dropbox/DATA/audio Ryerson/Audio_Speech_Actors_01-24/Actor_11/03-01-05-01-02-02-11.wav,Male
51,11,03,02,03,01,02,01,happy,03-01-03-02-02-01-11.wav,/home/batman/Dropbox/DATA/audio Ryerson/Audio_Speech_Actors_01-24/Actor_11/03-01-03-02-02-01-11.wav,Male
52,11,05,01,03,02,01,01,angry,03-01-05-01-01-02-11.wav,/home/batman/Dropbox/DATA/audio Ryerson/Audio_Speech_Actors_01-24/Actor_11/03-01-05-01-01-02-11.wav,Male
53,11,04,02,03,01,02,01,sad,03-01-04-02-02-01-11.wav,/home/batman/Dropbox/DATA/audio Ryerson/Audio_Speech_Actors_01-24/Actor_11/03-01-04-02-02-01-11.wav,Male
54,11,05,02,03,01,01,01,angry,03-01-05-02-01-01-11.wav,/home/batman/Dropbox/DATA/audio Ryerson/Audio_Speech_Actors_01-24/Actor_11/03-01-05-02-01-01-11.wav,Male
55,11,04,02,03,02,01,01,sad,03-01-04-02-01-02-11.wav,/home/batman/Dropbox/DATA/audio Ryerson/Audio_Speech_Actors_01-24/Actor_11/03-01-04-02-01-02-11.wav,Male
56,11,04,01,03,01,01,01,sad,03-01-04-01-01-01-11.wav,/home/batman/Dropbox/DATA/audio Ryerson/Audio_Speech_Actors_01-24/Actor_11/03-01-04-01-01-01-11.wav,Male
57,11,03,02,03,01,01,01,happy,03-01-03-02-01-01-11.wav,/home/batman/Dropbox/DATA/audio Ryerson/Audio_Speech_Actors_01-24/Actor_11/03-01-03-02-01-01-11.wav,Male
58,11,05,01,03,01,02,01,angry,03-01-05-01-02-01-11.wav,/home/batman/Dropbox/DATA/audio Ryerson/Audio_Speech_Actors_01-24/Actor_11/03-01-05-01-02-01-11.wav,Male
59,11,05,02,03,01,02,01,angry,03-01-05-02-02-01-11.wav,/home/batman/Dropbox/DATA/audio Ryerson/Audio_Speech_Actors_01-24/Actor_11/03-01-05-02-02-01-11.wav,Male
60,11,03,01,03,02,02,01,happy,03-01-03-01-02-02-11.wav,/home/batman/Dropbox/DATA/audio Ryerson/Audio_Speech_Actors_01-24/Actor_11/03-01-03-01-02-02-11.wav,Male
61,11,04,01,03,02,01,01,sad,03-01-04-01-01-02-11.wav,/home/batman/Dropbox/DATA/audio Ryerson/Audio_Speech_Actors_01-24/Actor_11/03-01-04-01-01-02-11.wav,Male
62,11,04,01,03,01,02,01,sad,03-01-04-01-02-01-11.wav,/home/batman/Dropbox/DATA/audio Ryerson/Audio_Speech_Actors_01-24/Actor_11/03-01-04-01-02-01-11.wav,Male
63,11,03,01,03,02,01,01,happy,03-01-03-01-01-02-11.wav,/home/batman/Dropbox/DATA/audio Ryerson/Audio_Speech_Actors_01-24/Actor_11/03-01-03-01-01-02-11.wav,Male
64,11,04,02,03,02,02,01,sad,03-01-04-02-02-02-11.wav,/home/batman/Dropbox/DATA/audio Ryerson/Audio_Speech_Actors_01-24/Actor_11/03-01-04-02-02-02-11.wav,Male
65,11,03,02,03,02,02,01,happy,03-01-03-02-02-02-11.wav,/home/batman/Dropbox/DATA/audio Ryerson/Audio_Speech_Actors_01-24/Actor_11/03-01-03-02-02-02-11.wav,Male
66,11,04,01,03,02,02,01,sad,03-01-04-01-02-02-11.wav,/home/batman/Dropbox/DATA/audio Ryerson/Audio_Speech_Actors_01-24/Actor_11/03-01-04-01-02-02-11.wav,Male
67,11,05,02,03,02,01,01,angry,03-01-05-02-01-02-11.wav,/home/batman/Dropbox/DATA/audio Ryerson/Audio_Speech_Actors_01-24/Actor_11/03-01-05-02-01-02-11.wav,Male
68,11,05,01,03,01,01,01,angry,03-01-05-01-01-01-11.wav,/home/batman/Dropbox/DATA/audio Ryerson/Audio_Speech_Actors_01-24/Actor_11/03-01-05-01-01-01-11.wav,Male
69,11,04,02,03,01,01,01,sad,03-01-04-02-01-01-11.wav,/home/batman/Dropbox/DATA/audio Ryerson/Audio_Speech_Actors_01-24/Actor_11/03-01-04-02-01-01-11.wav,Male
70,11,03,01,03,01,01,01,happy,03-01-03-01-01-01-11.wav,/home/batman/Dropbox/DATA/audio Ryerson/Audio_Speech_Actors_01-24/Actor_11/03-01-03-01-01-01-11.wav,Male
71,11,03,02,03,02,01,01,happy,03-01-03-02-01-02-11.wav,/home/batman/Dropbox/DATA/audio Ryerson/Audio_Speech_Actors_01-24/Actor_11/03-01-03-02-01-02-11.wav,Male
72,14,04,01,03,01,01,01,sad,03-01-04-01-01-01-14.wav,/home/batman/Dropbox/DATA/audio Ryerson/Audio_Speech_Actors_01-24/Actor_14/03-01-04-01-01-01-14.wav,Female
73,14,04,02,03,01,01,01,sad,03-01-04-02-01-01-14.wav,/home/batman/Dropbox/DATA/audio Ryerson/Audio_Speech_Actors_01-24/Actor_14/03-01-04-02-01-01-14.wav,Female
74,14,03,02,03,02,01,01,happy,03-01-03-02-01-02-14.wav,/home/batman/Dropbox/DATA/audio Ryerson/Audio_Speech_Actors_01-24/Actor_14/03-01-03-02-01-02-14.wav,Female
75,14,05,01,03,01,02,01,angry,03-01-05-01-02-01-14.wav,/home/batman/Dropbox/DATA/audio Ryerson/Audio_Speech_Actors_01-24/Actor_14/03-01-05-01-02-01-14.wav,Female
76,14,05,02,03,01,01,01,angry,03-01-05-02-01-01-14.wav,/home/batman/Dropbox/DATA/audio Ryerson/Audio_Speech_Actors_01-24/Actor_14/03-01-05-02-01-01-14.wav,Female
77,14,05,01,03,01,01,01,angry,03-01-05-01-01-01-14.wav,/home/batman/Dropbox/DATA/audio Ryerson/Audio_Speech_Actors_01-24/Actor_14/03-01-05-01-01-01-14.wav,Female
78,14,03,01,03,02,02,01,happy,03-01-03-01-02-02-14.wav,/home/batman/Dropbox/DATA/audio Ryerson/Audio_Speech_Actors_01-24/Actor_14/03-01-03-01-02-02-14.wav,Female
79,14,05,02,03,01,02,01,angry,03-01-05-02-02-01-14.wav,/home/batman/Dropbox/DATA/audio Ryerson/Audio_Speech_Actors_01-24/Actor_14/03-01-05-02-02-01-14.wav,Female
80,14,04,01,03,02,02,01,sad,03-01-04-01-02-02-14.wav,/home/batman/Dropbox/DATA/audio Ryerson/Audio_Speech_Actors_01-24/Actor_14/03-01-04-01-02-02-14.wav,Female
81,14,04,02,03,01,02,01,sad,03-01-04-02-02-01-14.wav,/home/batman/Dropbox/DATA/audio Ryerson/Audio_Speech_Actors_01-24/Actor_14/03-01-04-02-02-01-14.wav,Female
82,14,03,01,03,02,01,01,happy,03-01-03-01-01-02-14.wav,/home/batman/Dropbox/DATA/audio Ryerson/Audio_Speech_Actors_01-24/Actor_14/03-01-03-01-01-02-14.wav,Female
83,14,03,02,03,01,01,01,happy,03-01-03-02-01-01-14.wav,/home/batman/Dropbox/DATA/audio Ryerson/Audio_Speech_Actors_01-24/Actor_14/03-01-03-02-01-01-14.wav,Female
84,14,05,02,03,02,02,01,angry,03-01-05-02-02-02-14.wav,/home/batman/Dropbox/DATA/audio Ryerson/Audio_Speech_Actors_01-24/Actor_14/03-01-05-02-02-02-14.wav,Female
85,14,03,01,03,01,01,01,happy,03-01-03-01-01-01-14.wav,/home/batman/Dropbox/DATA/audio Ryerson/Audio_Speech_Actors_01-24/Actor_14/03-01-03-01-01-01-14.wav,Female
86,14,04,02,03,02,02,01,sad,03-01-04-02-02-02-14.wav,/home/batman/Dropbox/DATA/audio Ryerson/Audio_Speech_Actors_01-24/Actor_14/03-01-04-02-02-02-14.wav,Female
87,14,04,01,03,02,01,01,sad,03-01-04-01-01-02-14.wav,/home/batman/Dropbox/DATA/audio Ryerson/Audio_Speech_Actors_01-24/Actor_14/03-01-04-01-01-02-14.wav,Female
88,14,03,02,03,01,02,01,happy,03-01-03-02-02-01-14.wav,/home/batman/Dropbox/DATA/audio Ryerson/Audio_Speech_Actors_01-24/Actor_14/03-01-03-02-02-01-14.wav,Female
89,14,05,01,03,02,01,01,angry,03-01-05-01-01-02-14.wav,/home/batman/Dropbox/DATA/audio Ryerson/Audio_Speech_Actors_01-24/Actor_14/03-01-05-01-01-02-14.wav,Female
90,14,03,01,03,01,02,01,happy,03-01-03-01-02-01-14.wav,/home/batman/Dropbox/DATA/audio Ryerson/Audio_Speech_Actors_01-24/Actor_14/03-01-03-01-02-01-14.wav,Female
91,14,04,01,03,01,02,01,sad,03-01-04-01-02-01-14.wav,/home/batman/Dropbox/DATA/audio Ryerson/Audio_Speech_Actors_01-24/Actor_14/03-01-04-01-02-01-14.wav,Female
92,14,05,01,03,02,02,01,angry,03-01-05-01-02-02-14.wav,/home/batman/Dropbox/DATA/audio Ryerson/Audio_Speech_Actors_01-24/Actor_14/03-01-05-01-02-02-14.wav,Female
93,14,04,02,03,02,01,01,sad,03-01-04-02-01-02-14.wav,/home/batman/Dropbox/DATA/audio Ryerson/Audio_Speech_Actors_01-24/Actor_14/03-01-04-02-01-02-14.wav,Female
94,14,03,02,03,02,02,01,happy,03-01-03-02-02-02-14.wav,/home/batman/Dropbox/DATA/audio Ryerson/Audio_Speech_Actors_01-24/Actor_14/03-01-03-02-02-02-14.wav,Female
95,14,05,02,03,02,01,01,angry,03-01-05-02-01-02-14.wav,/home/batman/Dropbox/DATA/audio Ryerson/Audio_Speech_Actors_01-24/Actor_14/03-01-05-02-01-02-14.wav,Female
96,04,03,01,03,01,02,01,happy,03-01-03-01-02-01-04.wav,/home/batman/Dropbox/DATA/audio Ryerson/Audio_Speech_Actors_01-24/Actor_04/03-01-03-01-02-01-04.wav,Female
97,04,03,02,03,02,01,01,happy,03-01-03-02-01-02-04.wav,/home/batman/Dropbox/DATA/audio Ryerson/Audio_Speech_Actors_01-24/Actor_04/03-01-03-02-01-02-04.wav,Female
98,04,04,02,03,01,02,01,sad,03-01-04-02-02-01-04.wav,/home/batman/Dropbox/DATA/audio Ryerson/Audio_Speech_Actors_01-24/Actor_04/03-01-04-02-02-01-04.wav,Female
99,04,04,02,03,02,02,01,sad,03-01-04-02-02-02-04.wav,/home/batman/Dropbox/DATA/audio Ryerson/Audio_Speech_Actors_01-24/Actor_04/03-01-04-02-02-02-04.wav,Female
100,04,03,02,03,02,02,01,happy,03-01-03-02-02-02-04.wav,/home/batman/Dropbox/DATA/audio Ryerson/Audio_Speech_Actors_01-24/Actor_04/03-01-03-02-02-02-04.wav,Female
101,04,04,02,03,02,01,01,sad,03-01-04-02-01-02-04.wav,/home/batman/Dropbox/DATA/audio Ryerson/Audio_Speech_Actors_01-24/Actor_04/03-01-04-02-01-02-04.wav,Female
102,04,03,02,03,01,01,01,happy,03-01-03-02-01-01-04.wav,/home/batman/Dropbox/DATA/audio Ryerson/Audio_Speech_Actors_01-24/Actor_04/03-01-03-02-01-01-04.wav,Female
103,04,05,02,03,01,02,01,angry,03-01-05-02-02-01-04.wav,/home/batman/Dropbox/DATA/audio Ryerson/Audio_Speech_Actors_01-24/Actor_04/03-01-05-02-02-01-04.wav,Female
104,04,05,02,03,02,02,01,angry,03-01-05-02-02-02-04.wav,/home/batman/Dropbox/DATA/audio Ryerson/Audio_Speech_Actors_01-24/Actor_04/03-01-05-02-02-02-04.wav,Female
105,04,04,01,03,02,01,01,sad,03-01-04-01-01-02-04.wav,/home/batman/Dropbox/DATA/audio Ryerson/Audio_Speech_Actors_01-24/Actor_04/03-01-04-01-01-02-04.wav,Female
106,04,04,01,03,01,01,01,sad,03-01-04-01-01-01-04.wav,/home/batman/Dropbox/DATA/audio Ryerson/Audio_Speech_Actors_01-24/Actor_04/03-01-04-01-01-01-04.wav,Female
107,04,04,01,03,01,02,01,sad,03-01-04-01-02-01-04.wav,/home/batman/Dropbox/DATA/audio Ryerson/Audio_Speech_Actors_01-24/Actor_04/03-01-04-01-02-01-04.wav,Female
108,04,05,01,03,01,01,01,angry,03-01-05-01-01-01-04.wav,/home/batman/Dropbox/DATA/audio Ryerson/Audio_Speech_Actors_01-24/Actor_04/03-01-05-01-01-01-04.wav,Female
109,04,03,01,03,02,01,01,happy,03-01-03-01-01-02-04.wav,/home/batman/Dropbox/DATA/audio Ryerson/Audio_Speech_Actors_01-24/Actor_04/03-01-03-01-01-02-04.wav,Female
110,04,03,01,03,01,01,01,happy,03-01-03-01-01-01-04.wav,/home/batman/Dropbox/DATA/audio Ryerson/Audio_Speech_Actors_01-24/Actor_04/03-01-03-01-01-01-04.wav,Female
111,04,05,01,03,02,02,01,angry,03-01-05-01-02-02-04.wav,/home/batman/Dropbox/DATA/audio Ryerson/Audio_Speech_Actors_01-24/Actor_04/03-01-05-01-02-02-04.wav,Female
112,04,04,01,03,02,02,01,sad,03-01-04-01-02-02-04.wav,/home/batman/Dropbox/DATA/audio Ryerson/Audio_Speech_Actors_01-24/Actor_04/03-01-04-01-02-02-04.wav,Female
113,04,05,01,03,01,02,01,angry,03-01-05-01-02-01-04.wav,/home/batman/Dropbox/DATA/audio Ryerson/Audio_Speech_Actors_01-24/Actor_04/03-01-05-01-02-01-04.wav,Female
114,04,05,02,03,02,01,01,angry,03-01-05-02-01-02-04.wav,/home/batman/Dropbox/DATA/audio Ryerson/Audio_Speech_Actors_01-24/Actor_04/03-01-05-02-01-02-04.wav,Female
115,04,04,02,03,01,01,01,sad,03-01-04-02-01-01-04.wav,/home/batman/Dropbox/DATA/audio Ryerson/Audio_Speech_Actors_01-24/Actor_04/03-01-04-02-01-01-04.wav,Female
116,04,03,01,03,02,02,01,happy,03-01-03-01-02-02-04.wav,/home/batman/Dropbox/DATA/audio Ryerson/Audio_Speech_Actors_01-24/Actor_04/03-01-03-01-02-02-04.wav,Female
117,04,03,02,03,01,02,01,happy,03-01-03-02-02-01-04.wav,/home/batman/Dropbox/DATA/audio Ryerson/Audio_Speech_Actors_01-24/Actor_04/03-01-03-02-02-01-04.wav,Female
118,04,05,01,03,02,01,01,angry,03-01-05-01-01-02-04.wav,/home/batman/Dropbox/DATA/audio Ryerson/Audio_Speech_Actors_01-24/Actor_04/03-01-05-01-01-02-04.wav,Female
119,04,05,02,03,01,01,01,angry,03-01-05-02-01-01-04.wav,/home/batman/Dropbox/DATA/audio Ryerson/Audio_Speech_Actors_01-24/Actor_04/03-01-05-02-01-01-04.wav,Female
120,23,03,01,03,01,01,01,happy,03-01-03-01-01-01-23.wav,/home/batman/Dropbox/DATA/audio Ryerson/Audio_Speech_Actors_01-24/Actor_23/03-01-03-01-01-01-23.wav,Male
121,23,04,02,03,01,02,01,sad,03-01-04-02-02-01-23.wav,/home/batman/Dropbox/DATA/audio Ryerson/Audio_Speech_Actors_01-24/Actor_23/03-01-04-02-02-01-23.wav,Male
122,23,04,02,03,01,01,01,sad,03-01-04-02-01-01-23.wav,/home/batman/Dropbox/DATA/audio Ryerson/Audio_Speech_Actors_01-24/Actor_23/03-01-04-02-01-01-23.wav,Male
123,23,05,02,03,02,02,01,angry,03-01-05-02-02-02-23.wav,/home/batman/Dropbox/DATA/audio Ryerson/Audio_Speech_Actors_01-24/Actor_23/03-01-05-02-02-02-23.wav,Male
124,23,03,01,03,02,02,01,happy,03-01-03-01-02-02-23.wav,/home/batman/Dropbox/DATA/audio Ryerson/Audio_Speech_Actors_01-24/Actor_23/03-01-03-01-02-02-23.wav,Male
125,23,05,01,03,02,02,01,angry,03-01-05-01-02-02-23.wav,/home/batman/Dropbox/DATA/audio Ryerson/Audio_Speech_Actors_01-24/Actor_23/03-01-05-01-02-02-23.wav,Male
126,23,03,01,03,01,02,01,happy,03-01-03-01-02-01-23.wav,/home/batman/Dropbox/DATA/audio Ryerson/Audio_Speech_Actors_01-24/Actor_23/03-01-03-01-02-01-23.wav,Male
127,23,04,02,03,02,02,01,sad,03-01-04-02-02-02-23.wav,/home/batman/Dropbox/DATA/audio Ryerson/Audio_Speech_Actors_01-24/Actor_23/03-01-04-02-02-02-23.wav,Male
128,23,05,01,03,01,01,01,angry,03-01-05-01-01-01-23.wav,/home/batman/Dropbox/DATA/audio Ryerson/Audio_Speech_Actors_01-24/Actor_23/03-01-05-01-01-01-23.wav,Male
129,23,05,01,03,01,02,01,angry,03-01-05-01-02-01-23.wav,/home/batman/Dropbox/DATA/audio Ryerson/Audio_Speech_Actors_01-24/Actor_23/03-01-05-01-02-01-23.wav,Male
130,23,04,02,03,02,01,01,sad,03-01-04-02-01-02-23.wav,/home/batman/Dropbox/DATA/audio Ryerson/Audio_Speech_Actors_01-24/Actor_23/03-01-04-02-01-02-23.wav,Male
131,23,05,01,03,02,01,01,angry,03-01-05-01-01-02-23.wav,/home/batman/Dropbox/DATA/audio Ryerson/Audio_Speech_Actors_01-24/Actor_23/03-01-05-01-01-02-23.wav,Male
132,23,03,02,03,01,01,01,happy,03-01-03-02-01-01-23.wav,/home/batman/Dropbox/DATA/audio Ryerson/Audio_Speech_Actors_01-24/Actor_23/03-01-03-02-01-01-23.wav,Male
133,23,03,02,03,02,01,01,happy,03-01-03-02-01-02-23.wav,/home/batman/Dropbox/DATA/audio Ryerson/Audio_Speech_Actors_01-24/Actor_23/03-01-03-02-01-02-23.wav,Male
134,23,05,02,03,01,02,01,angry,03-01-05-02-02-01-23.wav,/home/batman/Dropbox/DATA/audio Ryerson/Audio_Speech_Actors_01-24/Actor_23/03-01-05-02-02-01-23.wav,Male
135,23,04,01,03,02,02,01,sad,03-01-04-01-02-02-23.wav,/home/batman/Dropbox/DATA/audio Ryerson/Audio_Speech_Actors_01-24/Actor_23/03-01-04-01-02-02-23.wav,Male
136,23,05,02,03,02,01,01,angry,03-01-05-02-01-02-23.wav,/home/batman/Dropbox/DATA/audio Ryerson/Audio_Speech_Actors_01-24/Actor_23/03-01-05-02-01-02-23.wav,Male
137,23,03,01,03,02,01,01,happy,03-01-03-01-01-02-23.wav,/home/batman/Dropbox/DATA/audio Ryerson/Audio_Speech_Actors_01-24/Actor_23/03-01-03-01-01-02-23.wav,Male
138,23,04,01,03,01,01,01,sad,03-01-04-01-01-01-23.wav,/home/batman/Dropbox/DATA/audio Ryerson/Audio_Speech_Actors_01-24/Actor_23/03-01-04-01-01-01-23.wav,Male
139,23,04,01,03,02,01,01,sad,03-01-04-01-01-02-23.wav,/home/batman/Dropbox/DATA/audio Ryerson/Audio_Speech_Actors_01-24/Actor_23/03-01-04-01-01-02-23.wav,Male
140,23,03,02,03,01,02,01,happy,03-01-03-02-02-01-23.wav,/home/batman/Dropbox/DATA/audio Ryerson/Audio_Speech_Actors_01-24/Actor_23/03-01-03-02-02-01-23.wav,Male
141,23,05,02,03,01,01,01,angry,03-01-05-02-01-01-23.wav,/home/batman/Dropbox/DATA/audio Ryerson/Audio_Speech_Actors_01-24/Actor_23/03-01-05-02-01-01-23.wav,Male
142,23,03,02,03,02,02,01,happy,03-01-03-02-02-02-23.wav,/home/batman/Dropbox/DATA/audio Ryerson/Audio_Speech_Actors_01-24/Actor_23/03-01-03-02-02-02-23.wav,Male
143,23,04,01,03,01,02,01,sad,03-01-04-01-02-01-23.wav,/home/batman/Dropbox/DATA/audio Ryerson/Audio_Speech_Actors_01-24/Actor_23/03-01-04-01-02-01-23.wav,Male
144,22,03,02,03,02,01,01,happy,03-01-03-02-01-02-22.wav,/home/batman/Dropbox/DATA/audio Ryerson/Audio_Speech_Actors_01-24/Actor_22/03-01-03-02-01-02-22.wav,Female
145,22,05,01,03,02,01,01,angry,03-01-05-01-01-02-22.wav,/home/batman/Dropbox/DATA/audio Ryerson/Audio_Speech_Actors_01-24/Actor_22/03-01-05-01-01-02-22.wav,Female
146,22,05,02,03,02,01,01,angry,03-01-05-02-01-02-22.wav,/home/batman/Dropbox/DATA/audio Ryerson/Audio_Speech_Actors_01-24/Actor_22/03-01-05-02-01-02-22.wav,Female
147,22,03,01,03,01,01,01,happy,03-01-03-01-01-01-22.wav,/home/batman/Dropbox/DATA/audio Ryerson/Audio_Speech_Actors_01-24/Actor_22/03-01-03-01-01-01-22.wav,Female
148,22,05,01,03,02,02,01,angry,03-01-05-01-02-02-22.wav,/home/batman/Dropbox/DATA/audio Ryerson/Audio_Speech_Actors_01-24/Actor_22/03-01-05-01-02-02-22.wav,Female
149,22,05,02,03,02,02,01,angry,03-01-05-02-02-02-22.wav,/home/batman/Dropbox/DATA/audio Ryerson/Audio_Speech_Actors_01-24/Actor_22/03-01-05-02-02-02-22.wav,Female
150,22,04,01,03,02,02,01,sad,03-01-04-01-02-02-22.wav,/home/batman/Dropbox/DATA/audio Ryerson/Audio_Speech_Actors_01-24/Actor_22/03-01-04-01-02-02-22.wav,Female
151,22,04,01,03,01,01,01,sad,03-01-04-01-01-01-22.wav,/home/batman/Dropbox/DATA/audio Ryerson/Audio_Speech_Actors_01-24/Actor_22/03-01-04-01-01-01-22.wav,Female
152,22,03,01,03,02,01,01,happy,03-01-03-01-01-02-22.wav,/home/batman/Dropbox/DATA/audio Ryerson/Audio_Speech_Actors_01-24/Actor_22/03-01-03-01-01-02-22.wav,Female
153,22,03,01,03,01,02,01,happy,03-01-03-01-02-01-22.wav,/home/batman/Dropbox/DATA/audio Ryerson/Audio_Speech_Actors_01-24/Actor_22/03-01-03-01-02-01-22.wav,Female
154,22,04,02,03,02,01,01,sad,03-01-04-02-01-02-22.wav,/home/batman/Dropbox/DATA/audio Ryerson/Audio_Speech_Actors_01-24/Actor_22/03-01-04-02-01-02-22.wav,Female
155,22,04,01,03,02,01,01,sad,03-01-04-01-01-02-22.wav,/home/batman/Dropbox/DATA/audio Ryerson/Audio_Speech_Actors_01-24/Actor_22/03-01-04-01-01-02-22.wav,Female
156,22,04,02,03,02,02,01,sad,03-01-04-02-02-02-22.wav,/home/batman/Dropbox/DATA/audio Ryerson/Audio_Speech_Actors_01-24/Actor_22/03-01-04-02-02-02-22.wav,Female
157,22,03,02,03,01,02,01,happy,03-01-03-02-02-01-22.wav,/home/batman/Dropbox/DATA/audio Ryerson/Audio_Speech_Actors_01-24/Actor_22/03-01-03-02-02-01-22.wav,Female
158,22,05,01,03,01,01,01,angry,03-01-05-01-01-01-22.wav,/home/batman/Dropbox/DATA/audio Ryerson/Audio_Speech_Actors_01-24/Actor_22/03-01-05-01-01-01-22.wav,Female
159,22,05,01,03,01,02,01,angry,03-01-05-01-02-01-22.wav,/home/batman/Dropbox/DATA/audio Ryerson/Audio_Speech_Actors_01-24/Actor_22/03-01-05-01-02-01-22.wav,Female
160,22,03,01,03,02,02,01,happy,03-01-03-01-02-02-22.wav,/home/batman/Dropbox/DATA/audio Ryerson/Audio_Speech_Actors_01-24/Actor_22/03-01-03-01-02-02-22.wav,Female
161,22,05,02,03,01,01,01,angry,03-01-05-02-01-01-22.wav,/home/batman/Dropbox/DATA/audio Ryerson/Audio_Speech_Actors_01-24/Actor_22/03-01-05-02-01-01-22.wav,Female
162,22,04,02,03,01,01,01,sad,03-01-04-02-01-01-22.wav,/home/batman/Dropbox/DATA/audio Ryerson/Audio_Speech_Actors_01-24/Actor_22/03-01-04-02-01-01-22.wav,Female
163,22,05,02,03,01,02,01,angry,03-01-05-02-02-01-22.wav,/home/batman/Dropbox/DATA/audio Ryerson/Audio_Speech_Actors_01-24/Actor_22/03-01-05-02-02-01-22.wav,Female
164,22,03,02,03,01,01,01,happy,03-01-03-02-01-01-22.wav,/home/batman/Dropbox/DATA/audio Ryerson/Audio_Speech_Actors_01-24/Actor_22/03-01-03-02-01-01-22.wav,Female
165,22,04,02,03,01,02,01,sad,03-01-04-02-02-01-22.wav,/home/batman/Dropbox/DATA/audio Ryerson/Audio_Speech_Actors_01-24/Actor_22/03-01-04-02-02-01-22.wav,Female
166,22,04,01,03,01,02,01,sad,03-01-04-01-02-01-22.wav,/home/batman/Dropbox/DATA/audio Ryerson/Audio_Speech_Actors_01-24/Actor_22/03-01-04-01-02-01-22.wav,Female
167,22,03,02,03,02,02,01,happy,03-01-03-02-02-02-22.wav,/home/batman/Dropbox/DATA/audio Ryerson/Audio_Speech_Actors_01-24/Actor_22/03-01-03-02-02-02-22.wav,Female
168,02,03,01,03,02,02,01,happy,03-01-03-01-02-02-02.wav,/home/batman/Dropbox/DATA/audio Ryerson/Audio_Speech_Actors_01-24/Actor_02/03-01-03-01-02-02-02.wav,Female
169,02,05,01,03,01,01,01,angry,03-01-05-01-01-01-02.wav,/home/batman/Dropbox/DATA/audio Ryerson/Audio_Speech_Actors_01-24/Actor_02/03-01-05-01-01-01-02.wav,Female
170,02,05,02,03,01,01,01,angry,03-01-05-02-01-01-02.wav,/home/batman/Dropbox/DATA/audio Ryerson/Audio_Speech_Actors_01-24/Actor_02/03-01-05-02-01-01-02.wav,Female
171,02,04,02,03,02,01,01,sad,03-01-04-02-01-02-02.wav,/home/batman/Dropbox/DATA/audio Ryerson/Audio_Speech_Actors_01-24/Actor_02/03-01-04-02-01-02-02.wav,Female
172,02,03,02,03,01,02,01,happy,03-01-03-02-02-01-02.wav,/home/batman/Dropbox/DATA/audio Ryerson/Audio_Speech_Actors_01-24/Actor_02/03-01-03-02-02-01-02.wav,Female
173,02,05,02,03,02,02,01,angry,03-01-05-02-02-02-02.wav,/home/batman/Dropbox/DATA/audio Ryerson/Audio_Speech_Actors_01-24/Actor_02/03-01-05-02-02-02-02.wav,Female
174,02,03,01,03,01,01,01,happy,03-01-03-01-01-01-02.wav,/home/batman/Dropbox/DATA/audio Ryerson/Audio_Speech_Actors_01-24/Actor_02/03-01-03-01-01-01-02.wav,Female
175,02,03,02,03,01,01,01,happy,03-01-03-02-01-01-02.wav,/home/batman/Dropbox/DATA/audio Ryerson/Audio_Speech_Actors_01-24/Actor_02/03-01-03-02-01-01-02.wav,Female
176,02,04,01,03,02,01,01,sad,03-01-04-01-01-02-02.wav,/home/batman/Dropbox/DATA/audio Ryerson/Audio_Speech_Actors_01-24/Actor_02/03-01-04-01-01-02-02.wav,Female
177,02,05,01,03,02,02,01,angry,03-01-05-01-02-02-02.wav,/home/batman/Dropbox/DATA/audio Ryerson/Audio_Speech_Actors_01-24/Actor_02/03-01-05-01-02-02-02.wav,Female
178,02,05,02,03,01,02,01,angry,03-01-05-02-02-01-02.wav,/home/batman/Dropbox/DATA/audio Ryerson/Audio_Speech_Actors_01-24/Actor_02/03-01-05-02-02-01-02.wav,Female
179,02,04,02,03,01,01,01,sad,03-01-04-02-01-01-02.wav,/home/batman/Dropbox/DATA/audio Ryerson/Audio_Speech_Actors_01-24/Actor_02/03-01-04-02-01-01-02.wav,Female
180,02,05,01,03,02,01,01,angry,03-01-05-01-01-02-02.wav,/home/batman/Dropbox/DATA/audio Ryerson/Audio_Speech_Actors_01-24/Actor_02/03-01-05-01-01-02-02.wav,Female
181,02,04,01,03,01,01,01,sad,03-01-04-01-01-01-02.wav,/home/batman/Dropbox/DATA/audio Ryerson/Audio_Speech_Actors_01-24/Actor_02/03-01-04-01-01-01-02.wav,Female
182,02,03,02,03,02,01,01,happy,03-01-03-02-01-02-02.wav,/home/batman/Dropbox/DATA/audio Ryerson/Audio_Speech_Actors_01-24/Actor_02/03-01-03-02-01-02-02.wav,Female
183,02,03,01,03,01,02,01,happy,03-01-03-01-02-01-02.wav,/home/batman/Dropbox/DATA/audio Ryerson/Audio_Speech_Actors_01-24/Actor_02/03-01-03-01-02-01-02.wav,Female
184,02,03,01,03,02,01,01,happy,03-01-03-01-01-02-02.wav,/home/batman/Dropbox/DATA/audio Ryerson/Audio_Speech_Actors_01-24/Actor_02/03-01-03-01-01-02-02.wav,Female
185,02,04,01,03,01,02,01,sad,03-01-04-01-02-01-02.wav,/home/batman/Dropbox/DATA/audio Ryerson/Audio_Speech_Actors_01-24/Actor_02/03-01-04-01-02-01-02.wav,Female
186,02,04,02,03,02,02,01,sad,03-01-04-02-02-02-02.wav,/home/batman/Dropbox/DATA/audio Ryerson/Audio_Speech_Actors_01-24/Actor_02/03-01-04-02-02-02-02.wav,Female
187,02,03,02,03,02,02,01,happy,03-01-03-02-02-02-02.wav,/home/batman/Dropbox/DATA/audio Ryerson/Audio_Speech_Actors_01-24/Actor_02/03-01-03-02-02-02-02.wav,Female
188,02,05,01,03,01,02,01,angry,03-01-05-01-02-01-02.wav,/home/batman/Dropbox/DATA/audio Ryerson/Audio_Speech_Actors_01-24/Actor_02/03-01-05-01-02-01-02.wav,Female
189,02,04,01,03,02,02,01,sad,03-01-04-01-02-02-02.wav,/home/batman/Dropbox/DATA/audio Ryerson/Audio_Speech_Actors_01-24/Actor_02/03-01-04-01-02-02-02.wav,Female
190,02,05,02,03,02,01,01,angry,03-01-05-02-01-02-02.wav,/home/batman/Dropbox/DATA/audio Ryerson/Audio_Speech_Actors_01-24/Actor_02/03-01-05-02-01-02-02.wav,Female
191,02,04,02,03,01,02,01,sad,03-01-04-02-02-01-02.wav,/home/batman/Dropbox/DATA/audio Ryerson/Audio_Speech_Actors_01-24/Actor_02/03-01-04-02-02-01-02.wav,Female
192,20,03,02,03,02,02,01,happy,03-01-03-02-02-02-20.wav,/home/batman/Dropbox/DATA/audio Ryerson/Audio_Speech_Actors_01-24/Actor_20/03-01-03-02-02-02-20.wav,Female
193,20,04,01,03,02,02,01,sad,03-01-04-01-02-02-20.wav,/home/batman/Dropbox/DATA/audio Ryerson/Audio_Speech_Actors_01-24/Actor_20/03-01-04-01-02-02-20.wav,Female
194,20,05,02,03,01,02,01,angry,03-01-05-02-02-01-20.wav,/home/batman/Dropbox/DATA/audio Ryerson/Audio_Speech_Actors_01-24/Actor_20/03-01-05-02-02-01-20.wav,Female
195,20,04,02,03,02,01,01,sad,03-01-04-02-01-02-20.wav,/home/batman/Dropbox/DATA/audio Ryerson/Audio_Speech_Actors_01-24/Actor_20/03-01-04-02-01-02-20.wav,Female
196,20,05,02,03,01,01,01,angry,03-01-05-02-01-01-20.wav,/home/batman/Dropbox/DATA/audio Ryerson/Audio_Speech_Actors_01-24/Actor_20/03-01-05-02-01-01-20.wav,Female
197,20,03,02,03,02,01,01,happy,03-01-03-02-01-02-20.wav,/home/batman/Dropbox/DATA/audio Ryerson/Audio_Speech_Actors_01-24/Actor_20/03-01-03-02-01-02-20.wav,Female
198,20,04,01,03,01,02,01,sad,03-01-04-01-02-01-20.wav,/home/batman/Dropbox/DATA/audio Ryerson/Audio_Speech_Actors_01-24/Actor_20/03-01-04-01-02-01-20.wav,Female
199,20,04,01,03,01,01,01,sad,03-01-04-01-01-01-20.wav,/home/batman/Dropbox/DATA/audio Ryerson/Audio_Speech_Actors_01-24/Actor_20/03-01-04-01-01-01-20.wav,Female
200,20,03,02,03,01,01,01,happy,03-01-03-02-01-01-20.wav,/home/batman/Dropbox/DATA/audio Ryerson/Audio_Speech_Actors_01-24/Actor_20/03-01-03-02-01-01-20.wav,Female
201,20,03,02,03,01,02,01,happy,03-01-03-02-02-01-20.wav,/home/batman/Dropbox/DATA/audio Ryerson/Audio_Speech_Actors_01-24/Actor_20/03-01-03-02-02-01-20.wav,Female
202,20,04,01,03,02,01,01,sad,03-01-04-01-01-02-20.wav,/home/batman/Dropbox/DATA/audio Ryerson/Audio_Speech_Actors_01-24/Actor_20/03-01-04-01-01-02-20.wav,Female
203,20,04,02,03,01,01,01,sad,03-01-04-02-01-01-20.wav,/home/batman/Dropbox/DATA/audio Ryerson/Audio_Speech_Actors_01-24/Actor_20/03-01-04-02-01-01-20.wav,Female
204,20,05,01,03,02,01,01,angry,03-01-05-01-01-02-20.wav,/home/batman/Dropbox/DATA/audio Ryerson/Audio_Speech_Actors_01-24/Actor_20/03-01-05-01-01-02-20.wav,Female
205,20,05,01,03,01,02,01,angry,03-01-05-01-02-01-20.wav,/home/batman/Dropbox/DATA/audio Ryerson/Audio_Speech_Actors_01-24/Actor_20/03-01-05-01-02-01-20.wav,Female
206,20,05,01,03,01,01,01,angry,03-01-05-01-01-01-20.wav,/home/batman/Dropbox/DATA/audio Ryerson/Audio_Speech_Actors_01-24/Actor_20/03-01-05-01-01-01-20.wav,Female
207,20,04,02,03,02,02,01,sad,03-01-04-02-02-02-20.wav,/home/batman/Dropbox/DATA/audio Ryerson/Audio_Speech_Actors_01-24/Actor_20/03-01-04-02-02-02-20.wav,Female
208,20,05,01,03,02,02,01,angry,03-01-05-01-02-02-20.wav,/home/batman/Dropbox/DATA/audio Ryerson/Audio_Speech_Actors_01-24/Actor_20/03-01-05-01-02-02-20.wav,Female
209,20,04,02,03,01,02,01,sad,03-01-04-02-02-01-20.wav,/home/batman/Dropbox/DATA/audio Ryerson/Audio_Speech_Actors_01-24/Actor_20/03-01-04-02-02-01-20.wav,Female
210,20,03,01,03,01,02,01,happy,03-01-03-01-02-01-20.wav,/home/batman/Dropbox/DATA/audio Ryerson/Audio_Speech_Actors_01-24/Actor_20/03-01-03-01-02-01-20.wav,Female
211,20,03,01,03,02,02,01,happy,03-01-03-01-02-02-20.wav,/home/batman/Dropbox/DATA/audio Ryerson/Audio_Speech_Actors_01-24/Actor_20/03-01-03-01-02-02-20.wav,Female
212,20,03,01,03,02,01,01,happy,03-01-03-01-01-02-20.wav,/home/batman/Dropbox/DATA/audio Ryerson/Audio_Speech_Actors_01-24/Actor_20/03-01-03-01-01-02-20.wav,Female
213,20,03,01,03,01,01,01,happy,03-01-03-01-01-01-20.wav,/home/batman/Dropbox/DATA/audio Ryerson/Audio_Speech_Actors_01-24/Actor_20/03-01-03-01-01-01-20.wav,Female
214,20,05,02,03,02,01,01,angry,03-01-05-02-01-02-20.wav,/home/batman/Dropbox/DATA/audio Ryerson/Audio_Speech_Actors_01-24/Actor_20/03-01-05-02-01-02-20.wav,Female
215,20,05,02,03,02,02,01,angry,03-01-05-02-02-02-20.wav,/home/batman/Dropbox/DATA/audio Ryerson/Audio_Speech_Actors_01-24/Actor_20/03-01-05-02-02-02-20.wav,Female
216,05,05,02,03,02,01,01,angry,03-01-05-02-01-02-05.wav,/home/batman/Dropbox/DATA/audio Ryerson/Audio_Speech_Actors_01-24/Actor_05/03-01-05-02-01-02-05.wav,Male
217,05,04,02,03,01,02,01,sad,03-01-04-02-02-01-05.wav,/home/batman/Dropbox/DATA/audio Ryerson/Audio_Speech_Actors_01-24/Actor_05/03-01-04-02-02-01-05.wav,Male
218,05,03,01,03,02,02,01,happy,03-01-03-01-02-02-05.wav,/home/batman/Dropbox/DATA/audio Ryerson/Audio_Speech_Actors_01-24/Actor_05/03-01-03-01-02-02-05.wav,Male
219,05,04,01,03,02,02,01,sad,03-01-04-01-02-02-05.wav,/home/batman/Dropbox/DATA/audio Ryerson/Audio_Speech_Actors_01-24/Actor_05/03-01-04-01-02-02-05.wav,Male
220,05,05,01,03,02,02,01,angry,03-01-05-01-02-02-05.wav,/home/batman/Dropbox/DATA/audio Ryerson/Audio_Speech_Actors_01-24/Actor_05/03-01-05-01-02-02-05.wav,Male
221,05,03,01,03,02,01,01,happy,03-01-03-01-01-02-05.wav,/home/batman/Dropbox/DATA/audio Ryerson/Audio_Speech_Actors_01-24/Actor_05/03-01-03-01-01-02-05.wav,Male
222,05,04,01,03,01,02,01,sad,03-01-04-01-02-01-05.wav,/home/batman/Dropbox/DATA/audio Ryerson/Audio_Speech_Actors_01-24/Actor_05/03-01-04-01-02-01-05.wav,Male
223,05,04,02,03,02,02,01,sad,03-01-04-02-02-02-05.wav,/home/batman/Dropbox/DATA/audio Ryerson/Audio_Speech_Actors_01-24/Actor_05/03-01-04-02-02-02-05.wav,Male
224,05,03,01,03,01,01,01,happy,03-01-03-01-01-01-05.wav,/home/batman/Dropbox/DATA/audio Ryerson/Audio_Speech_Actors_01-24/Actor_05/03-01-03-01-01-01-05.wav,Male
225,05,05,01,03,01,01,01,angry,03-01-05-01-01-01-05.wav,/home/batman/Dropbox/DATA/audio Ryerson/Audio_Speech_Actors_01-24/Actor_05/03-01-05-01-01-01-05.wav,Male
226,05,03,02,03,01,01,01,happy,03-01-03-02-01-01-05.wav,/home/batman/Dropbox/DATA/audio Ryerson/Audio_Speech_Actors_01-24/Actor_05/03-01-03-02-01-01-05.wav,Male
227,05,05,02,03,02,02,01,angry,03-01-05-02-02-02-05.wav,/home/batman/Dropbox/DATA/audio Ryerson/Audio_Speech_Actors_01-24/Actor_05/03-01-05-02-02-02-05.wav,Male
228,05,04,01,03,01,01,01,sad,03-01-04-01-01-01-05.wav,/home/batman/Dropbox/DATA/audio Ryerson/Audio_Speech_Actors_01-24/Actor_05/03-01-04-01-01-01-05.wav,Male
229,05,03,02,03,02,02,01,happy,03-01-03-02-02-02-05.wav,/home/batman/Dropbox/DATA/audio Ryerson/Audio_Speech_Actors_01-24/Actor_05/03-01-03-02-02-02-05.wav,Male
230,05,05,02,03,01,02,01,angry,03-01-05-02-02-01-05.wav,/home/batman/Dropbox/DATA/audio Ryerson/Audio_Speech_Actors_01-24/Actor_05/03-01-05-02-02-01-05.wav,Male
231,05,05,02,03,01,01,01,angry,03-01-05-02-01-01-05.wav,/home/batman/Dropbox/DATA/audio Ryerson/Audio_Speech_Actors_01-24/Actor_05/03-01-05-02-01-01-05.wav,Male
232,05,04,02,03,02,01,01,sad,03-01-04-02-01-02-05.wav,/home/batman/Dropbox/DATA/audio Ryerson/Audio_Speech_Actors_01-24/Actor_05/03-01-04-02-01-02-05.wav,Male
233,05,03,02,03,02,01,01,happy,03-01-03-02-01-02-05.wav,/home/batman/Dropbox/DATA/audio Ryerson/Audio_Speech_Actors_01-24/Actor_05/03-01-03-02-01-02-05.wav,Male
234,05,04,02,03,01,01,01,sad,03-01-04-02-01-01-05.wav,/home/batman/Dropbox/DATA/audio Ryerson/Audio_Speech_Actors_01-24/Actor_05/03-01-04-02-01-01-05.wav,Male
235,05,05,01,03,01,02,01,angry,03-01-05-01-02-01-05.wav,/home/batman/Dropbox/DATA/audio Ryerson/Audio_Speech_Actors_01-24/Actor_05/03-01-05-01-02-01-05.wav,Male
236,05,05,01,03,02,01,01,angry,03-01-05-01-01-02-05.wav,/home/batman/Dropbox/DATA/audio Ryerson/Audio_Speech_Actors_01-24/Actor_05/03-01-05-01-01-02-05.wav,Male
237,05,03,01,03,01,02,01,happy,03-01-03-01-02-01-05.wav,/home/batman/Dropbox/DATA/audio Ryerson/Audio_Speech_Actors_01-24/Actor_05/03-01-03-01-02-01-05.wav,Male
238,05,04,01,03,02,01,01,sad,03-01-04-01-01-02-05.wav,/home/batman/Dropbox/DATA/audio Ryerson/Audio_Speech_Actors_01-24/Actor_05/03-01-04-01-01-02-05.wav,Male
239,05,03,02,03,01,02,01,happy,03-01-03-02-02-01-05.wav,/home/batman/Dropbox/DATA/audio Ryerson/Audio_Speech_Actors_01-24/Actor_05/03-01-03-02-02-01-05.wav,Male
240,24,04,01,03,01,02,01,sad,03-01-04-01-02-01-24.wav,/home/batman/Dropbox/DATA/audio Ryerson/Audio_Speech_Actors_01-24/Actor_24/03-01-04-01-02-01-24.wav,Female
241,24,05,02,03,02,01,01,angry,03-01-05-02-01-02-24.wav,/home/batman/Dropbox/DATA/audio Ryerson/Audio_Speech_Actors_01-24/Actor_24/03-01-05-02-01-02-24.wav,Female
242,24,03,02,03,01,01,01,happy,03-01-03-02-01-01-24.wav,/home/batman/Dropbox/DATA/audio Ryerson/Audio_Speech_Actors_01-24/Actor_24/03-01-03-02-01-01-24.wav,Female
243,24,03,01,03,02,01,01,happy,03-01-03-01-01-02-24.wav,/home/batman/Dropbox/DATA/audio Ryerson/Audio_Speech_Actors_01-24/Actor_24/03-01-03-01-01-02-24.wav,Female
244,24,04,02,03,01,01,01,sad,03-01-04-02-01-01-24.wav,/home/batman/Dropbox/DATA/audio Ryerson/Audio_Speech_Actors_01-24/Actor_24/03-01-04-02-01-01-24.wav,Female
245,24,03,02,03,02,01,01,happy,03-01-03-02-01-02-24.wav,/home/batman/Dropbox/DATA/audio Ryerson/Audio_Speech_Actors_01-24/Actor_24/03-01-03-02-01-02-24.wav,Female
246,24,03,01,03,01,01,01,happy,03-01-03-01-01-01-24.wav,/home/batman/Dropbox/DATA/audio Ryerson/Audio_Speech_Actors_01-24/Actor_24/03-01-03-01-01-01-24.wav,Female
247,24,04,02,03,02,01,01,sad,03-01-04-02-01-02-24.wav,/home/batman/Dropbox/DATA/audio Ryerson/Audio_Speech_Actors_01-24/Actor_24/03-01-04-02-01-02-24.wav,Female
248,24,04,01,03,02,01,01,sad,03-01-04-01-01-02-24.wav,/home/batman/Dropbox/DATA/audio Ryerson/Audio_Speech_Actors_01-24/Actor_24/03-01-04-01-01-02-24.wav,Female
249,24,03,02,03,02,02,01,happy,03-01-03-02-02-02-24.wav,/home/batman/Dropbox/DATA/audio Ryerson/Audio_Speech_Actors_01-24/Actor_24/03-01-03-02-02-02-24.wav,Female
250,24,05,01,03,01,02,01,angry,03-01-05-01-02-01-24.wav,/home/batman/Dropbox/DATA/audio Ryerson/Audio_Speech_Actors_01-24/Actor_24/03-01-05-01-02-01-24.wav,Female
251,24,05,01,03,01,01,01,angry,03-01-05-01-01-01-24.wav,/home/batman/Dropbox/DATA/audio Ryerson/Audio_Speech_Actors_01-24/Actor_24/03-01-05-01-01-01-24.wav,Female
252,24,05,01,03,02,02,01,angry,03-01-05-01-02-02-24.wav,/home/batman/Dropbox/DATA/audio Ryerson/Audio_Speech_Actors_01-24/Actor_24/03-01-05-01-02-02-24.wav,Female
253,24,04,02,03,01,02,01,sad,03-01-04-02-02-01-24.wav,/home/batman/Dropbox/DATA/audio Ryerson/Audio_Speech_Actors_01-24/Actor_24/03-01-04-02-02-01-24.wav,Female
254,24,05,02,03,01,01,01,angry,03-01-05-02-01-01-24.wav,/home/batman/Dropbox/DATA/audio Ryerson/Audio_Speech_Actors_01-24/Actor_24/03-01-05-02-01-01-24.wav,Female
255,24,04,01,03,01,01,01,sad,03-01-04-01-01-01-24.wav,/home/batman/Dropbox/DATA/audio Ryerson/Audio_Speech_Actors_01-24/Actor_24/03-01-04-01-01-01-24.wav,Female
256,24,05,01,03,02,01,01,angry,03-01-05-01-01-02-24.wav,/home/batman/Dropbox/DATA/audio Ryerson/Audio_Speech_Actors_01-24/Actor_24/03-01-05-01-01-02-24.wav,Female
257,24,03,01,03,01,02,01,happy,03-01-03-01-02-01-24.wav,/home/batman/Dropbox/DATA/audio Ryerson/Audio_Speech_Actors_01-24/Actor_24/03-01-03-01-02-01-24.wav,Female
258,24,04,02,03,02,02,01,sad,03-01-04-02-02-02-24.wav,/home/batman/Dropbox/DATA/audio Ryerson/Audio_Speech_Actors_01-24/Actor_24/03-01-04-02-02-02-24.wav,Female
259,24,04,01,03,02,02,01,sad,03-01-04-01-02-02-24.wav,/home/batman/Dropbox/DATA/audio Ryerson/Audio_Speech_Actors_01-24/Actor_24/03-01-04-01-02-02-24.wav,Female
260,24,03,01,03,02,02,01,happy,03-01-03-01-02-02-24.wav,/home/batman/Dropbox/DATA/audio Ryerson/Audio_Speech_Actors_01-24/Actor_24/03-01-03-01-02-02-24.wav,Female
261,24,05,02,03,01,02,01,angry,03-01-05-02-02-01-24.wav,/home/batman/Dropbox/DATA/audio Ryerson/Audio_Speech_Actors_01-24/Actor_24/03-01-05-02-02-01-24.wav,Female
262,24,05,02,03,02,02,01,angry,03-01-05-02-02-02-24.wav,/home/batman/Dropbox/DATA/audio Ryerson/Audio_Speech_Actors_01-24/Actor_24/03-01-05-02-02-02-24.wav,Female
263,24,03,02,03,01,02,01,happy,03-01-03-02-02-01-24.wav,/home/batman/Dropbox/DATA/audio Ryerson/Audio_Speech_Actors_01-24/Actor_24/03-01-03-02-02-01-24.wav,Female
264,16,05,02,03,02,02,01,angry,03-01-05-02-02-02-16.wav,/home/batman/Dropbox/DATA/audio Ryerson/Audio_Speech_Actors_01-24/Actor_16/03-01-05-02-02-02-16.wav,Female
265,16,04,01,03,02,02,01,sad,03-01-04-01-02-02-16.wav,/home/batman/Dropbox/DATA/audio Ryerson/Audio_Speech_Actors_01-24/Actor_16/03-01-04-01-02-02-16.wav,Female
266,16,05,01,03,02,02,01,angry,03-01-05-01-02-02-16.wav,/home/batman/Dropbox/DATA/audio Ryerson/Audio_Speech_Actors_01-24/Actor_16/03-01-05-01-02-02-16.wav,Female
267,16,05,01,03,01,02,01,angry,03-01-05-01-02-01-16.wav,/home/batman/Dropbox/DATA/audio Ryerson/Audio_Speech_Actors_01-24/Actor_16/03-01-05-01-02-01-16.wav,Female
268,16,03,01,03,02,02,01,happy,03-01-03-01-02-02-16.wav,/home/batman/Dropbox/DATA/audio Ryerson/Audio_Speech_Actors_01-24/Actor_16/03-01-03-01-02-02-16.wav,Female
269,16,05,01,03,02,01,01,angry,03-01-05-01-01-02-16.wav,/home/batman/Dropbox/DATA/audio Ryerson/Audio_Speech_Actors_01-24/Actor_16/03-01-05-01-01-02-16.wav,Female
270,16,03,01,03,01,02,01,happy,03-01-03-01-02-01-16.wav,/home/batman/Dropbox/DATA/audio Ryerson/Audio_Speech_Actors_01-24/Actor_16/03-01-03-01-02-01-16.wav,Female
271,16,04,02,03,01,01,01,sad,03-01-04-02-01-01-16.wav,/home/batman/Dropbox/DATA/audio Ryerson/Audio_Speech_Actors_01-24/Actor_16/03-01-04-02-01-01-16.wav,Female
272,16,04,01,03,01,01,01,sad,03-01-04-01-01-01-16.wav,/home/batman/Dropbox/DATA/audio Ryerson/Audio_Speech_Actors_01-24/Actor_16/03-01-04-01-01-01-16.wav,Female
273,16,04,01,03,01,02,01,sad,03-01-04-01-02-01-16.wav,/home/batman/Dropbox/DATA/audio Ryerson/Audio_Speech_Actors_01-24/Actor_16/03-01-04-01-02-01-16.wav,Female
274,16,03,02,03,01,01,01,happy,03-01-03-02-01-01-16.wav,/home/batman/Dropbox/DATA/audio Ryerson/Audio_Speech_Actors_01-24/Actor_16/03-01-03-02-01-01-16.wav,Female
275,16,05,01,03,01,01,01,angry,03-01-05-01-01-01-16.wav,/home/batman/Dropbox/DATA/audio Ryerson/Audio_Speech_Actors_01-24/Actor_16/03-01-05-01-01-01-16.wav,Female
276,16,05,02,03,02,01,01,angry,03-01-05-02-01-02-16.wav,/home/batman/Dropbox/DATA/audio Ryerson/Audio_Speech_Actors_01-24/Actor_16/03-01-05-02-01-02-16.wav,Female
277,16,03,02,03,02,02,01,happy,03-01-03-02-02-02-16.wav,/home/batman/Dropbox/DATA/audio Ryerson/Audio_Speech_Actors_01-24/Actor_16/03-01-03-02-02-02-16.wav,Female
278,16,03,02,03,02,01,01,happy,03-01-03-02-01-02-16.wav,/home/batman/Dropbox/DATA/audio Ryerson/Audio_Speech_Actors_01-24/Actor_16/03-01-03-02-01-02-16.wav,Female
279,16,04,02,03,02,01,01,sad,03-01-04-02-01-02-16.wav,/home/batman/Dropbox/DATA/audio Ryerson/Audio_Speech_Actors_01-24/Actor_16/03-01-04-02-01-02-16.wav,Female
280,16,04,02,03,01,02,01,sad,03-01-04-02-02-01-16.wav,/home/batman/Dropbox/DATA/audio Ryerson/Audio_Speech_Actors_01-24/Actor_16/03-01-04-02-02-01-16.wav,Female
281,16,05,02,03,01,01,01,angry,03-01-05-02-01-01-16.wav,/home/batman/Dropbox/DATA/audio Ryerson/Audio_Speech_Actors_01-24/Actor_16/03-01-05-02-01-01-16.wav,Female
282,16,05,02,03,01,02,01,angry,03-01-05-02-02-01-16.wav,/home/batman/Dropbox/DATA/audio Ryerson/Audio_Speech_Actors_01-24/Actor_16/03-01-05-02-02-01-16.wav,Female
283,16,04,01,03,02,01,01,sad,03-01-04-01-01-02-16.wav,/home/batman/Dropbox/DATA/audio Ryerson/Audio_Speech_Actors_01-24/Actor_16/03-01-04-01-01-02-16.wav,Female
284,16,03,02,03,01,02,01,happy,03-01-03-02-02-01-16.wav,/home/batman/Dropbox/DATA/audio Ryerson/Audio_Speech_Actors_01-24/Actor_16/03-01-03-02-02-01-16.wav,Female
285,16,03,01,03,01,01,01,happy,03-01-03-01-01-01-16.wav,/home/batman/Dropbox/DATA/audio Ryerson/Audio_Speech_Actors_01-24/Actor_16/03-01-03-01-01-01-16.wav,Female
286,16,03,01,03,02,01,01,happy,03-01-03-01-01-02-16.wav,/home/batman/Dropbox/DATA/audio Ryerson/Audio_Speech_Actors_01-24/Actor_16/03-01-03-01-01-02-16.wav,Female
287,16,04,02,03,02,02,01,sad,03-01-04-02-02-02-16.wav,/home/batman/Dropbox/DATA/audio Ryerson/Audio_Speech_Actors_01-24/Actor_16/03-01-04-02-02-02-16.wav,Female
288,17,03,01,03,01,02,01,happy,03-01-03-01-02-01-17.wav,/home/batman/Dropbox/DATA/audio Ryerson/Audio_Speech_Actors_01-24/Actor_17/03-01-03-01-02-01-17.wav,Male
289,17,03,01,03,02,02,01,happy,03-01-03-01-02-02-17.wav,/home/batman/Dropbox/DATA/audio Ryerson/Audio_Speech_Actors_01-24/Actor_17/03-01-03-01-02-02-17.wav,Male
290,17,05,01,03,02,01,01,angry,03-01-05-01-01-02-17.wav,/home/batman/Dropbox/DATA/audio Ryerson/Audio_Speech_Actors_01-24/Actor_17/03-01-05-01-01-02-17.wav,Male
291,17,04,01,03,01,01,01,sad,03-01-04-01-01-01-17.wav,/home/batman/Dropbox/DATA/audio Ryerson/Audio_Speech_Actors_01-24/Actor_17/03-01-04-01-01-01-17.wav,Male
292,17,04,01,03,01,02,01,sad,03-01-04-01-02-01-17.wav,/home/batman/Dropbox/DATA/audio Ryerson/Audio_Speech_Actors_01-24/Actor_17/03-01-04-01-02-01-17.wav,Male
293,17,04,02,03,02,01,01,sad,03-01-04-02-01-02-17.wav,/home/batman/Dropbox/DATA/audio Ryerson/Audio_Speech_Actors_01-24/Actor_17/03-01-04-02-01-02-17.wav,Male
294,17,05,02,03,02,01,01,angry,03-01-05-02-01-02-17.wav,/home/batman/Dropbox/DATA/audio Ryerson/Audio_Speech_Actors_01-24/Actor_17/03-01-05-02-01-02-17.wav,Male
295,17,04,02,03,01,02,01,sad,03-01-04-02-02-01-17.wav,/home/batman/Dropbox/DATA/audio Ryerson/Audio_Speech_Actors_01-24/Actor_17/03-01-04-02-02-01-17.wav,Male
296,17,04,01,03,02,02,01,sad,03-01-04-01-02-02-17.wav,/home/batman/Dropbox/DATA/audio Ryerson/Audio_Speech_Actors_01-24/Actor_17/03-01-04-01-02-02-17.wav,Male
297,17,03,02,03,02,02,01,happy,03-01-03-02-02-02-17.wav,/home/batman/Dropbox/DATA/audio Ryerson/Audio_Speech_Actors_01-24/Actor_17/03-01-03-02-02-02-17.wav,Male
298,17,04,02,03,02,02,01,sad,03-01-04-02-02-02-17.wav,/home/batman/Dropbox/DATA/audio Ryerson/Audio_Speech_Actors_01-24/Actor_17/03-01-04-02-02-02-17.wav,Male
299,17,03,01,03,01,01,01,happy,03-01-03-01-01-01-17.wav,/home/batman/Dropbox/DATA/audio Ryerson/Audio_Speech_Actors_01-24/Actor_17/03-01-03-01-01-01-17.wav,Male
300,17,03,01,03,02,01,01,happy,03-01-03-01-01-02-17.wav,/home/batman/Dropbox/DATA/audio Ryerson/Audio_Speech_Actors_01-24/Actor_17/03-01-03-01-01-02-17.wav,Male
301,17,05,01,03,01,02,01,angry,03-01-05-01-02-01-17.wav,/home/batman/Dropbox/DATA/audio Ryerson/Audio_Speech_Actors_01-24/Actor_17/03-01-05-01-02-01-17.wav,Male
302,17,05,01,03,02,02,01,angry,03-01-05-01-02-02-17.wav,/home/batman/Dropbox/DATA/audio Ryerson/Audio_Speech_Actors_01-24/Actor_17/03-01-05-01-02-02-17.wav,Male
303,17,03,02,03,01,02,01,happy,03-01-03-02-02-01-17.wav,/home/batman/Dropbox/DATA/audio Ryerson/Audio_Speech_Actors_01-24/Actor_17/03-01-03-02-02-01-17.wav,Male
304,17,04,02,03,01,01,01,sad,03-01-04-02-01-01-17.wav,/home/batman/Dropbox/DATA/audio Ryerson/Audio_Speech_Actors_01-24/Actor_17/03-01-04-02-01-01-17.wav,Male
305,17,03,02,03,02,01,01,happy,03-01-03-02-01-02-17.wav,/home/batman/Dropbox/DATA/audio Ryerson/Audio_Speech_Actors_01-24/Actor_17/03-01-03-02-01-02-17.wav,Male
306,17,05,02,03,02,02,01,angry,03-01-05-02-02-02-17.wav,/home/batman/Dropbox/DATA/audio Ryerson/Audio_Speech_Actors_01-24/Actor_17/03-01-05-02-02-02-17.wav,Male
307,17,05,02,03,01,02,01,angry,03-01-05-02-02-01-17.wav,/home/batman/Dropbox/DATA/audio Ryerson/Audio_Speech_Actors_01-24/Actor_17/03-01-05-02-02-01-17.wav,Male
308,17,04,01,03,02,01,01,sad,03-01-04-01-01-02-17.wav,/home/batman/Dropbox/DATA/audio Ryerson/Audio_Speech_Actors_01-24/Actor_17/03-01-04-01-01-02-17.wav,Male
309,17,05,02,03,01,01,01,angry,03-01-05-02-01-01-17.wav,/home/batman/Dropbox/DATA/audio Ryerson/Audio_Speech_Actors_01-24/Actor_17/03-01-05-02-01-01-17.wav,Male
310,17,03,02,03,01,01,01,happy,03-01-03-02-01-01-17.wav,/home/batman/Dropbox/DATA/audio Ryerson/Audio_Speech_Actors_01-24/Actor_17/03-01-03-02-01-01-17.wav,Male
311,17,05,01,03,01,01,01,angry,03-01-05-01-01-01-17.wav,/home/batman/Dropbox/DATA/audio Ryerson/Audio_Speech_Actors_01-24/Actor_17/03-01-05-01-01-01-17.wav,Male
312,07,03,01,03,02,01,01,happy,03-01-03-01-01-02-07.wav,/home/batman/Dropbox/DATA/audio Ryerson/Audio_Speech_Actors_01-24/Actor_07/03-01-03-01-01-02-07.wav,Male
313,07,03,02,03,02,02,01,happy,03-01-03-02-02-02-07.wav,/home/batman/Dropbox/DATA/audio Ryerson/Audio_Speech_Actors_01-24/Actor_07/03-01-03-02-02-02-07.wav,Male
314,07,05,01,03,01,01,01,angry,03-01-05-01-01-01-07.wav,/home/batman/Dropbox/DATA/audio Ryerson/Audio_Speech_Actors_01-24/Actor_07/03-01-05-01-01-01-07.wav,Male
315,07,04,01,03,01,01,01,sad,03-01-04-01-01-01-07.wav,/home/batman/Dropbox/DATA/audio Ryerson/Audio_Speech_Actors_01-24/Actor_07/03-01-04-01-01-01-07.wav,Male
316,07,03,01,03,01,01,01,happy,03-01-03-01-01-01-07.wav,/home/batman/Dropbox/DATA/audio Ryerson/Audio_Speech_Actors_01-24/Actor_07/03-01-03-01-01-01-07.wav,Male
317,07,05,02,03,01,01,01,angry,03-01-05-02-01-01-07.wav,/home/batman/Dropbox/DATA/audio Ryerson/Audio_Speech_Actors_01-24/Actor_07/03-01-05-02-01-01-07.wav,Male
318,07,05,02,03,02,02,01,angry,03-01-05-02-02-02-07.wav,/home/batman/Dropbox/DATA/audio Ryerson/Audio_Speech_Actors_01-24/Actor_07/03-01-05-02-02-02-07.wav,Male
319,07,04,02,03,01,01,01,sad,03-01-04-02-01-01-07.wav,/home/batman/Dropbox/DATA/audio Ryerson/Audio_Speech_Actors_01-24/Actor_07/03-01-04-02-01-01-07.wav,Male
320,07,03,01,03,02,02,01,happy,03-01-03-01-02-02-07.wav,/home/batman/Dropbox/DATA/audio Ryerson/Audio_Speech_Actors_01-24/Actor_07/03-01-03-01-02-02-07.wav,Male
321,07,03,01,03,01,02,01,happy,03-01-03-01-02-01-07.wav,/home/batman/Dropbox/DATA/audio Ryerson/Audio_Speech_Actors_01-24/Actor_07/03-01-03-01-02-01-07.wav,Male
322,07,05,01,03,02,02,01,angry,03-01-05-01-02-02-07.wav,/home/batman/Dropbox/DATA/audio Ryerson/Audio_Speech_Actors_01-24/Actor_07/03-01-05-01-02-02-07.wav,Male
323,07,04,02,03,02,01,01,sad,03-01-04-02-01-02-07.wav,/home/batman/Dropbox/DATA/audio Ryerson/Audio_Speech_Actors_01-24/Actor_07/03-01-04-02-01-02-07.wav,Male
324,07,05,01,03,01,02,01,angry,03-01-05-01-02-01-07.wav,/home/batman/Dropbox/DATA/audio Ryerson/Audio_Speech_Actors_01-24/Actor_07/03-01-05-01-02-01-07.wav,Male
325,07,04,01,03,02,01,01,sad,03-01-04-01-01-02-07.wav,/home/batman/Dropbox/DATA/audio Ryerson/Audio_Speech_Actors_01-24/Actor_07/03-01-04-01-01-02-07.wav,Male
326,07,03,02,03,02,01,01,happy,03-01-03-02-01-02-07.wav,/home/batman/Dropbox/DATA/audio Ryerson/Audio_Speech_Actors_01-24/Actor_07/03-01-03-02-01-02-07.wav,Male
327,07,04,01,03,02,02,01,sad,03-01-04-01-02-02-07.wav,/home/batman/Dropbox/DATA/audio Ryerson/Audio_Speech_Actors_01-24/Actor_07/03-01-04-01-02-02-07.wav,Male
328,07,03,02,03,01,01,01,happy,03-01-03-02-01-01-07.wav,/home/batman/Dropbox/DATA/audio Ryerson/Audio_Speech_Actors_01-24/Actor_07/03-01-03-02-01-01-07.wav,Male
329,07,03,02,03,01,02,01,happy,03-01-03-02-02-01-07.wav,/home/batman/Dropbox/DATA/audio Ryerson/Audio_Speech_Actors_01-24/Actor_07/03-01-03-02-02-01-07.wav,Male
330,07,05,02,03,01,02,01,angry,03-01-05-02-02-01-07.wav,/home/batman/Dropbox/DATA/audio Ryerson/Audio_Speech_Actors_01-24/Actor_07/03-01-05-02-02-01-07.wav,Male
331,07,04,02,03,01,02,01,sad,03-01-04-02-02-01-07.wav,/home/batman/Dropbox/DATA/audio Ryerson/Audio_Speech_Actors_01-24/Actor_07/03-01-04-02-02-01-07.wav,Male
332,07,05,01,03,02,01,01,angry,03-01-05-01-01-02-07.wav,/home/batman/Dropbox/DATA/audio Ryerson/Audio_Speech_Actors_01-24/Actor_07/03-01-05-01-01-02-07.wav,Male
333,07,04,01,03,01,02,01,sad,03-01-04-01-02-01-07.wav,/home/batman/Dropbox/DATA/audio Ryerson/Audio_Speech_Actors_01-24/Actor_07/03-01-04-01-02-01-07.wav,Male
334,07,04,02,03,02,02,01,sad,03-01-04-02-02-02-07.wav,/home/batman/Dropbox/DATA/audio Ryerson/Audio_Speech_Actors_01-24/Actor_07/03-01-04-02-02-02-07.wav,Male
335,07,05,02,03,02,01,01,angry,03-01-05-02-01-02-07.wav,/home/batman/Dropbox/DATA/audio Ryerson/Audio_Speech_Actors_01-24/Actor_07/03-01-05-02-01-02-07.wav,Male
336,10,04,02,03,02,01,01,sad,03-01-04-02-01-02-10.wav,/home/batman/Dropbox/DATA/audio Ryerson/Audio_Speech_Actors_01-24/Actor_10/03-01-04-02-01-02-10.wav,Female
337,10,05,01,03,02,01,01,angry,03-01-05-01-01-02-10.wav,/home/batman/Dropbox/DATA/audio Ryerson/Audio_Speech_Actors_01-24/Actor_10/03-01-05-01-01-02-10.wav,Female
338,10,03,02,03,02,01,01,happy,03-01-03-02-01-02-10.wav,/home/batman/Dropbox/DATA/audio Ryerson/Audio_Speech_Actors_01-24/Actor_10/03-01-03-02-01-02-10.wav,Female
339,10,03,02,03,01,01,01,happy,03-01-03-02-01-01-10.wav,/home/batman/Dropbox/DATA/audio Ryerson/Audio_Speech_Actors_01-24/Actor_10/03-01-03-02-01-01-10.wav,Female
340,10,05,02,03,02,02,01,angry,03-01-05-02-02-02-10.wav,/home/batman/Dropbox/DATA/audio Ryerson/Audio_Speech_Actors_01-24/Actor_10/03-01-05-02-02-02-10.wav,Female
341,10,04,02,03,02,02,01,sad,03-01-04-02-02-02-10.wav,/home/batman/Dropbox/DATA/audio Ryerson/Audio_Speech_Actors_01-24/Actor_10/03-01-04-02-02-02-10.wav,Female
342,10,05,02,03,02,01,01,angry,03-01-05-02-01-02-10.wav,/home/batman/Dropbox/DATA/audio Ryerson/Audio_Speech_Actors_01-24/Actor_10/03-01-05-02-01-02-10.wav,Female
343,10,03,01,03,01,02,01,happy,03-01-03-01-02-01-10.wav,/home/batman/Dropbox/DATA/audio Ryerson/Audio_Speech_Actors_01-24/Actor_10/03-01-03-01-02-01-10.wav,Female
344,10,04,01,03,01,02,01,sad,03-01-04-01-02-01-10.wav,/home/batman/Dropbox/DATA/audio Ryerson/Audio_Speech_Actors_01-24/Actor_10/03-01-04-01-02-01-10.wav,Female
345,10,05,01,03,02,02,01,angry,03-01-05-01-02-02-10.wav,/home/batman/Dropbox/DATA/audio Ryerson/Audio_Speech_Actors_01-24/Actor_10/03-01-05-01-02-02-10.wav,Female
346,10,05,02,03,01,02,01,angry,03-01-05-02-02-01-10.wav,/home/batman/Dropbox/DATA/audio Ryerson/Audio_Speech_Actors_01-24/Actor_10/03-01-05-02-02-01-10.wav,Female
347,10,04,01,03,02,02,01,sad,03-01-04-01-02-02-10.wav,/home/batman/Dropbox/DATA/audio Ryerson/Audio_Speech_Actors_01-24/Actor_10/03-01-04-01-02-02-10.wav,Female
348,10,03,02,03,02,02,01,happy,03-01-03-02-02-02-10.wav,/home/batman/Dropbox/DATA/audio Ryerson/Audio_Speech_Actors_01-24/Actor_10/03-01-03-02-02-02-10.wav,Female
349,10,03,01,03,01,01,01,happy,03-01-03-01-01-01-10.wav,/home/batman/Dropbox/DATA/audio Ryerson/Audio_Speech_Actors_01-24/Actor_10/03-01-03-01-01-01-10.wav,Female
350,10,03,01,03,02,01,01,happy,03-01-03-01-01-02-10.wav,/home/batman/Dropbox/DATA/audio Ryerson/Audio_Speech_Actors_01-24/Actor_10/03-01-03-01-01-02-10.wav,Female
351,10,04,02,03,01,01,01,sad,03-01-04-02-01-01-10.wav,/home/batman/Dropbox/DATA/audio Ryerson/Audio_Speech_Actors_01-24/Actor_10/03-01-04-02-01-01-10.wav,Female
352,10,03,02,03,01,02,01,happy,03-01-03-02-02-01-10.wav,/home/batman/Dropbox/DATA/audio Ryerson/Audio_Speech_Actors_01-24/Actor_10/03-01-03-02-02-01-10.wav,Female
353,10,05,02,03,01,01,01,angry,03-01-05-02-01-01-10.wav,/home/batman/Dropbox/DATA/audio Ryerson/Audio_Speech_Actors_01-24/Actor_10/03-01-05-02-01-01-10.wav,Female
354,10,05,01,03,01,02,01,angry,03-01-05-01-02-01-10.wav,/home/batman/Dropbox/DATA/audio Ryerson/Audio_Speech_Actors_01-24/Actor_10/03-01-05-01-02-01-10.wav,Female
355,10,03,01,03,02,02,01,happy,03-01-03-01-02-02-10.wav,/home/batman/Dropbox/DATA/audio Ryerson/Audio_Speech_Actors_01-24/Actor_10/03-01-03-01-02-02-10.wav,Female
356,10,04,01,03,02,01,01,sad,03-01-04-01-01-02-10.wav,/home/batman/Dropbox/DATA/audio Ryerson/Audio_Speech_Actors_01-24/Actor_10/03-01-04-01-01-02-10.wav,Female
357,10,04,02,03,01,02,01,sad,03-01-04-02-02-01-10.wav,/home/batman/Dropbox/DATA/audio Ryerson/Audio_Speech_Actors_01-24/Actor_10/03-01-04-02-02-01-10.wav,Female
358,10,04,01,03,01,01,01,sad,03-01-04-01-01-01-10.wav,/home/batman/Dropbox/DATA/audio Ryerson/Audio_Speech_Actors_01-24/Actor_10/03-01-04-01-01-01-10.wav,Female
359,10,05,01,03,01,01,01,angry,03-01-05-01-01-01-10.wav,/home/batman/Dropbox/DATA/audio Ryerson/Audio_Speech_Actors_01-24/Actor_10/03-01-05-01-01-01-10.wav,Female
360,13,03,01,03,02,01,01,happy,03-01-03-01-01-02-13.wav,/home/batman/Dropbox/DATA/audio Ryerson/Audio_Speech_Actors_01-24/Actor_13/03-01-03-01-01-02-13.wav,Male
361,13,05,01,03,02,01,01,angry,03-01-05-01-01-02-13.wav,/home/batman/Dropbox/DATA/audio Ryerson/Audio_Speech_Actors_01-24/Actor_13/03-01-05-01-01-02-13.wav,Male
362,13,04,02,03,02,01,01,sad,03-01-04-02-01-02-13.wav,/home/batman/Dropbox/DATA/audio Ryerson/Audio_Speech_Actors_01-24/Actor_13/03-01-04-02-01-02-13.wav,Male
363,13,04,01,03,02,02,01,sad,03-01-04-01-02-02-13.wav,/home/batman/Dropbox/DATA/audio Ryerson/Audio_Speech_Actors_01-24/Actor_13/03-01-04-01-02-02-13.wav,Male
364,13,05,01,03,01,02,01,angry,03-01-05-01-02-01-13.wav,/home/batman/Dropbox/DATA/audio Ryerson/Audio_Speech_Actors_01-24/Actor_13/03-01-05-01-02-01-13.wav,Male
365,13,04,02,03,01,02,01,sad,03-01-04-02-02-01-13.wav,/home/batman/Dropbox/DATA/audio Ryerson/Audio_Speech_Actors_01-24/Actor_13/03-01-04-02-02-01-13.wav,Male
366,13,03,01,03,01,02,01,happy,03-01-03-01-02-01-13.wav,/home/batman/Dropbox/DATA/audio Ryerson/Audio_Speech_Actors_01-24/Actor_13/03-01-03-01-02-01-13.wav,Male
367,13,04,01,03,01,01,01,sad,03-01-04-01-01-01-13.wav,/home/batman/Dropbox/DATA/audio Ryerson/Audio_Speech_Actors_01-24/Actor_13/03-01-04-01-01-01-13.wav,Male
368,13,04,02,03,02,02,01,sad,03-01-04-02-02-02-13.wav,/home/batman/Dropbox/DATA/audio Ryerson/Audio_Speech_Actors_01-24/Actor_13/03-01-04-02-02-02-13.wav,Male
369,13,05,02,03,02,01,01,angry,03-01-05-02-01-02-13.wav,/home/batman/Dropbox/DATA/audio Ryerson/Audio_Speech_Actors_01-24/Actor_13/03-01-05-02-01-02-13.wav,Male
370,13,05,02,03,02,02,01,angry,03-01-05-02-02-02-13.wav,/home/batman/Dropbox/DATA/audio Ryerson/Audio_Speech_Actors_01-24/Actor_13/03-01-05-02-02-02-13.wav,Male
371,13,05,01,03,02,02,01,angry,03-01-05-01-02-02-13.wav,/home/batman/Dropbox/DATA/audio Ryerson/Audio_Speech_Actors_01-24/Actor_13/03-01-05-01-02-02-13.wav,Male
372,13,05,02,03,01,02,01,angry,03-01-05-02-02-01-13.wav,/home/batman/Dropbox/DATA/audio Ryerson/Audio_Speech_Actors_01-24/Actor_13/03-01-05-02-02-01-13.wav,Male
373,13,04,02,03,01,01,01,sad,03-01-04-02-01-01-13.wav,/home/batman/Dropbox/DATA/audio Ryerson/Audio_Speech_Actors_01-24/Actor_13/03-01-04-02-01-01-13.wav,Male
374,13,04,01,03,02,01,01,sad,03-01-04-01-01-02-13.wav,/home/batman/Dropbox/DATA/audio Ryerson/Audio_Speech_Actors_01-24/Actor_13/03-01-04-01-01-02-13.wav,Male
375,13,03,02,03,02,01,01,happy,03-01-03-02-01-02-13.wav,/home/batman/Dropbox/DATA/audio Ryerson/Audio_Speech_Actors_01-24/Actor_13/03-01-03-02-01-02-13.wav,Male
376,13,03,01,03,01,01,01,happy,03-01-03-01-01-01-13.wav,/home/batman/Dropbox/DATA/audio Ryerson/Audio_Speech_Actors_01-24/Actor_13/03-01-03-01-01-01-13.wav,Male
377,13,04,01,03,01,02,01,sad,03-01-04-01-02-01-13.wav,/home/batman/Dropbox/DATA/audio Ryerson/Audio_Speech_Actors_01-24/Actor_13/03-01-04-01-02-01-13.wav,Male
378,13,03,02,03,01,02,01,happy,03-01-03-02-02-01-13.wav,/home/batman/Dropbox/DATA/audio Ryerson/Audio_Speech_Actors_01-24/Actor_13/03-01-03-02-02-01-13.wav,Male
379,13,03,02,03,02,02,01,happy,03-01-03-02-02-02-13.wav,/home/batman/Dropbox/DATA/audio Ryerson/Audio_Speech_Actors_01-24/Actor_13/03-01-03-02-02-02-13.wav,Male
380,13,05,02,03,01,01,01,angry,03-01-05-02-01-01-13.wav,/home/batman/Dropbox/DATA/audio Ryerson/Audio_Speech_Actors_01-24/Actor_13/03-01-05-02-01-01-13.wav,Male
381,13,03,01,03,02,02,01,happy,03-01-03-01-02-02-13.wav,/home/batman/Dropbox/DATA/audio Ryerson/Audio_Speech_Actors_01-24/Actor_13/03-01-03-01-02-02-13.wav,Male
382,13,05,01,03,01,01,01,angry,03-01-05-01-01-01-13.wav,/home/batman/Dropbox/DATA/audio Ryerson/Audio_Speech_Actors_01-24/Actor_13/03-01-05-01-01-01-13.wav,Male
383,13,03,02,03,01,01,01,happy,03-01-03-02-01-01-13.wav,/home/batman/Dropbox/DATA/audio Ryerson/Audio_Speech_Actors_01-24/Actor_13/03-01-03-02-01-01-13.wav,Male
384,01,03,01,03,01,01,01,happy,03-01-03-01-01-01-01.wav,/home/batman/Dropbox/DATA/audio Ryerson/Audio_Speech_Actors_01-24/Actor_01/03-01-03-01-01-01-01.wav,Male
385,01,03,02,03,02,02,01,happy,03-01-03-02-02-02-01.wav,/home/batman/Dropbox/DATA/audio Ryerson/Audio_Speech_Actors_01-24/Actor_01/03-01-03-02-02-02-01.wav,Male
386,01,03,01,03,02,02,01,happy,03-01-03-01-02-02-01.wav,/home/batman/Dropbox/DATA/audio Ryerson/Audio_Speech_Actors_01-24/Actor_01/03-01-03-01-02-02-01.wav,Male
387,01,03,01,03,02,01,01,happy,03-01-03-01-01-02-01.wav,/home/batman/Dropbox/DATA/audio Ryerson/Audio_Speech_Actors_01-24/Actor_01/03-01-03-01-01-02-01.wav,Male
388,01,05,01,03,02,01,01,angry,03-01-05-01-01-02-01.wav,/home/batman/Dropbox/DATA/audio Ryerson/Audio_Speech_Actors_01-24/Actor_01/03-01-05-01-01-02-01.wav,Male
389,01,05,02,03,02,02,01,angry,03-01-05-02-02-02-01.wav,/home/batman/Dropbox/DATA/audio Ryerson/Audio_Speech_Actors_01-24/Actor_01/03-01-05-02-02-02-01.wav,Male
390,01,05,02,03,01,02,01,angry,03-01-05-02-02-01-01.wav,/home/batman/Dropbox/DATA/audio Ryerson/Audio_Speech_Actors_01-24/Actor_01/03-01-05-02-02-01-01.wav,Male
391,01,05,01,03,01,01,01,angry,03-01-05-01-01-01-01.wav,/home/batman/Dropbox/DATA/audio Ryerson/Audio_Speech_Actors_01-24/Actor_01/03-01-05-01-01-01-01.wav,Male
392,01,05,01,03,02,02,01,angry,03-01-05-01-02-02-01.wav,/home/batman/Dropbox/DATA/audio Ryerson/Audio_Speech_Actors_01-24/Actor_01/03-01-05-01-02-02-01.wav,Male
393,01,03,01,03,01,02,01,happy,03-01-03-01-02-01-01.wav,/home/batman/Dropbox/DATA/audio Ryerson/Audio_Speech_Actors_01-24/Actor_01/03-01-03-01-02-01-01.wav,Male
394,01,04,01,03,02,01,01,sad,03-01-04-01-01-02-01.wav,/home/batman/Dropbox/DATA/audio Ryerson/Audio_Speech_Actors_01-24/Actor_01/03-01-04-01-01-02-01.wav,Male
395,01,04,02,03,02,02,01,sad,03-01-04-02-02-02-01.wav,/home/batman/Dropbox/DATA/audio Ryerson/Audio_Speech_Actors_01-24/Actor_01/03-01-04-02-02-02-01.wav,Male
396,01,03,02,03,01,02,01,happy,03-01-03-02-02-01-01.wav,/home/batman/Dropbox/DATA/audio Ryerson/Audio_Speech_Actors_01-24/Actor_01/03-01-03-02-02-01-01.wav,Male
397,01,05,02,03,02,01,01,angry,03-01-05-02-01-02-01.wav,/home/batman/Dropbox/DATA/audio Ryerson/Audio_Speech_Actors_01-24/Actor_01/03-01-05-02-01-02-01.wav,Male
398,01,03,02,03,01,01,01,happy,03-01-03-02-01-01-01.wav,/home/batman/Dropbox/DATA/audio Ryerson/Audio_Speech_Actors_01-24/Actor_01/03-01-03-02-01-01-01.wav,Male
399,01,04,01,03,01,01,01,sad,03-01-04-01-01-01-01.wav,/home/batman/Dropbox/DATA/audio Ryerson/Audio_Speech_Actors_01-24/Actor_01/03-01-04-01-01-01-01.wav,Male
400,01,03,02,03,02,01,01,happy,03-01-03-02-01-02-01.wav,/home/batman/Dropbox/DATA/audio Ryerson/Audio_Speech_Actors_01-24/Actor_01/03-01-03-02-01-02-01.wav,Male
401,01,04,02,03,01,01,01,sad,03-01-04-02-01-01-01.wav,/home/batman/Dropbox/DATA/audio Ryerson/Audio_Speech_Actors_01-24/Actor_01/03-01-04-02-01-01-01.wav,Male
402,01,05,01,03,01,02,01,angry,03-01-05-01-02-01-01.wav,/home/batman/Dropbox/DATA/audio Ryerson/Audio_Speech_Actors_01-24/Actor_01/03-01-05-01-02-01-01.wav,Male
403,01,04,02,03,01,02,01,sad,03-01-04-02-02-01-01.wav,/home/batman/Dropbox/DATA/audio Ryerson/Audio_Speech_Actors_01-24/Actor_01/03-01-04-02-02-01-01.wav,Male
404,01,05,02,03,01,01,01,angry,03-01-05-02-01-01-01.wav,/home/batman/Dropbox/DATA/audio Ryerson/Audio_Speech_Actors_01-24/Actor_01/03-01-05-02-01-01-01.wav,Male
405,01,04,01,03,01,02,01,sad,03-01-04-01-02-01-01.wav,/home/batman/Dropbox/DATA/audio Ryerson/Audio_Speech_Actors_01-24/Actor_01/03-01-04-01-02-01-01.wav,Male
406,01,04,02,03,02,01,01,sad,03-01-04-02-01-02-01.wav,/home/batman/Dropbox/DATA/audio Ryerson/Audio_Speech_Actors_01-24/Actor_01/03-01-04-02-01-02-01.wav,Male
407,01,04,01,03,02,02,01,sad,03-01-04-01-02-02-01.wav,/home/batman/Dropbox/DATA/audio Ryerson/Audio_Speech_Actors_01-24/Actor_01/03-01-04-01-02-02-01.wav,Male
408,08,05,01,03,02,02,01,angry,03-01-05-01-02-02-08.wav,/home/batman/Dropbox/DATA/audio Ryerson/Audio_Speech_Actors_01-24/Actor_08/03-01-05-01-02-02-08.wav,Female
409,08,04,02,03,02,02,01,sad,03-01-04-02-02-02-08.wav,/home/batman/Dropbox/DATA/audio Ryerson/Audio_Speech_Actors_01-24/Actor_08/03-01-04-02-02-02-08.wav,Female
410,08,03,01,03,01,02,01,happy,03-01-03-01-02-01-08.wav,/home/batman/Dropbox/DATA/audio Ryerson/Audio_Speech_Actors_01-24/Actor_08/03-01-03-01-02-01-08.wav,Female
411,08,05,01,03,01,01,01,angry,03-01-05-01-01-01-08.wav,/home/batman/Dropbox/DATA/audio Ryerson/Audio_Speech_Actors_01-24/Actor_08/03-01-05-01-01-01-08.wav,Female
412,08,03,02,03,02,01,01,happy,03-01-03-02-01-02-08.wav,/home/batman/Dropbox/DATA/audio Ryerson/Audio_Speech_Actors_01-24/Actor_08/03-01-03-02-01-02-08.wav,Female
413,08,04,01,03,02,01,01,sad,03-01-04-01-01-02-08.wav,/home/batman/Dropbox/DATA/audio Ryerson/Audio_Speech_Actors_01-24/Actor_08/03-01-04-01-01-02-08.wav,Female
414,08,03,01,03,02,02,01,happy,03-01-03-01-02-02-08.wav,/home/batman/Dropbox/DATA/audio Ryerson/Audio_Speech_Actors_01-24/Actor_08/03-01-03-01-02-02-08.wav,Female
415,08,05,02,03,01,01,01,angry,03-01-05-02-01-01-08.wav,/home/batman/Dropbox/DATA/audio Ryerson/Audio_Speech_Actors_01-24/Actor_08/03-01-05-02-01-01-08.wav,Female
416,08,03,01,03,02,01,01,happy,03-01-03-01-01-02-08.wav,/home/batman/Dropbox/DATA/audio Ryerson/Audio_Speech_Actors_01-24/Actor_08/03-01-03-01-01-02-08.wav,Female
417,08,04,01,03,01,02,01,sad,03-01-04-01-02-01-08.wav,/home/batman/Dropbox/DATA/audio Ryerson/Audio_Speech_Actors_01-24/Actor_08/03-01-04-01-02-01-08.wav,Female
418,08,05,02,03,01,02,01,angry,03-01-05-02-02-01-08.wav,/home/batman/Dropbox/DATA/audio Ryerson/Audio_Speech_Actors_01-24/Actor_08/03-01-05-02-02-01-08.wav,Female
419,08,04,02,03,01,01,01,sad,03-01-04-02-01-01-08.wav,/home/batman/Dropbox/DATA/audio Ryerson/Audio_Speech_Actors_01-24/Actor_08/03-01-04-02-01-01-08.wav,Female
420,08,05,01,03,01,02,01,angry,03-01-05-01-02-01-08.wav,/home/batman/Dropbox/DATA/audio Ryerson/Audio_Speech_Actors_01-24/Actor_08/03-01-05-01-02-01-08.wav,Female
421,08,04,02,03,01,02,01,sad,03-01-04-02-02-01-08.wav,/home/batman/Dropbox/DATA/audio Ryerson/Audio_Speech_Actors_01-24/Actor_08/03-01-04-02-02-01-08.wav,Female
422,08,03,02,03,01,02,01,happy,03-01-03-02-02-01-08.wav,/home/batman/Dropbox/DATA/audio Ryerson/Audio_Speech_Actors_01-24/Actor_08/03-01-03-02-02-01-08.wav,Female
423,08,04,01,03,02,02,01,sad,03-01-04-01-02-02-08.wav,/home/batman/Dropbox/DATA/audio Ryerson/Audio_Speech_Actors_01-24/Actor_08/03-01-04-01-02-02-08.wav,Female
424,08,05,02,03,02,01,01,angry,03-01-05-02-01-02-08.wav,/home/batman/Dropbox/DATA/audio Ryerson/Audio_Speech_Actors_01-24/Actor_08/03-01-05-02-01-02-08.wav,Female
425,08,04,01,03,01,01,01,sad,03-01-04-01-01-01-08.wav,/home/batman/Dropbox/DATA/audio Ryerson/Audio_Speech_Actors_01-24/Actor_08/03-01-04-01-01-01-08.wav,Female
426,08,04,02,03,02,01,01,sad,03-01-04-02-01-02-08.wav,/home/batman/Dropbox/DATA/audio Ryerson/Audio_Speech_Actors_01-24/Actor_08/03-01-04-02-01-02-08.wav,Female
427,08,05,02,03,02,02,01,angry,03-01-05-02-02-02-08.wav,/home/batman/Dropbox/DATA/audio Ryerson/Audio_Speech_Actors_01-24/Actor_08/03-01-05-02-02-02-08.wav,Female
428,08,03,02,03,01,01,01,happy,03-01-03-02-01-01-08.wav,/home/batman/Dropbox/DATA/audio Ryerson/Audio_Speech_Actors_01-24/Actor_08/03-01-03-02-01-01-08.wav,Female
429,08,05,01,03,02,01,01,angry,03-01-05-01-01-02-08.wav,/home/batman/Dropbox/DATA/audio Ryerson/Audio_Speech_Actors_01-24/Actor_08/03-01-05-01-01-02-08.wav,Female
430,08,03,02,03,02,02,01,happy,03-01-03-02-02-02-08.wav,/home/batman/Dropbox/DATA/audio Ryerson/Audio_Speech_Actors_01-24/Actor_08/03-01-03-02-02-02-08.wav,Female
431,08,03,01,03,01,01,01,happy,03-01-03-01-01-01-08.wav,/home/batman/Dropbox/DATA/audio Ryerson/Audio_Speech_Actors_01-24/Actor_08/03-01-03-01-01-01-08.wav,Female
432,03,04,02,03,02,02,01,sad,03-01-04-02-02-02-03.wav,/home/batman/Dropbox/DATA/audio Ryerson/Audio_Speech_Actors_01-24/Actor_03/03-01-04-02-02-02-03.wav,Male
433,03,04,01,03,01,02,01,sad,03-01-04-01-02-01-03.wav,/home/batman/Dropbox/DATA/audio Ryerson/Audio_Speech_Actors_01-24/Actor_03/03-01-04-01-02-01-03.wav,Male
434,03,05,01,03,01,01,01,angry,03-01-05-01-01-01-03.wav,/home/batman/Dropbox/DATA/audio Ryerson/Audio_Speech_Actors_01-24/Actor_03/03-01-05-01-01-01-03.wav,Male
435,03,04,02,03,01,01,01,sad,03-01-04-02-01-01-03.wav,/home/batman/Dropbox/DATA/audio Ryerson/Audio_Speech_Actors_01-24/Actor_03/03-01-04-02-01-01-03.wav,Male
436,03,04,01,03,02,02,01,sad,03-01-04-01-02-02-03.wav,/home/batman/Dropbox/DATA/audio Ryerson/Audio_Speech_Actors_01-24/Actor_03/03-01-04-01-02-02-03.wav,Male
437,03,04,01,03,01,01,01,sad,03-01-04-01-01-01-03.wav,/home/batman/Dropbox/DATA/audio Ryerson/Audio_Speech_Actors_01-24/Actor_03/03-01-04-01-01-01-03.wav,Male
438,03,03,02,03,01,02,01,happy,03-01-03-02-02-01-03.wav,/home/batman/Dropbox/DATA/audio Ryerson/Audio_Speech_Actors_01-24/Actor_03/03-01-03-02-02-01-03.wav,Male
439,03,03,02,03,02,01,01,happy,03-01-03-02-01-02-03.wav,/home/batman/Dropbox/DATA/audio Ryerson/Audio_Speech_Actors_01-24/Actor_03/03-01-03-02-01-02-03.wav,Male
440,03,05,01,03,02,02,01,angry,03-01-05-01-02-02-03.wav,/home/batman/Dropbox/DATA/audio Ryerson/Audio_Speech_Actors_01-24/Actor_03/03-01-05-01-02-02-03.wav,Male
441,03,05,02,03,02,02,01,angry,03-01-05-02-02-02-03.wav,/home/batman/Dropbox/DATA/audio Ryerson/Audio_Speech_Actors_01-24/Actor_03/03-01-05-02-02-02-03.wav,Male
442,03,03,01,03,02,01,01,happy,03-01-03-01-01-02-03.wav,/home/batman/Dropbox/DATA/audio Ryerson/Audio_Speech_Actors_01-24/Actor_03/03-01-03-01-01-02-03.wav,Male
443,03,03,01,03,02,02,01,happy,03-01-03-01-02-02-03.wav,/home/batman/Dropbox/DATA/audio Ryerson/Audio_Speech_Actors_01-24/Actor_03/03-01-03-01-02-02-03.wav,Male
444,03,05,02,03,02,01,01,angry,03-01-05-02-01-02-03.wav,/home/batman/Dropbox/DATA/audio Ryerson/Audio_Speech_Actors_01-24/Actor_03/03-01-05-02-01-02-03.wav,Male
445,03,05,01,03,01,02,01,angry,03-01-05-01-02-01-03.wav,/home/batman/Dropbox/DATA/audio Ryerson/Audio_Speech_Actors_01-24/Actor_03/03-01-05-01-02-01-03.wav,Male
446,03,05,02,03,01,02,01,angry,03-01-05-02-02-01-03.wav,/home/batman/Dropbox/DATA/audio Ryerson/Audio_Speech_Actors_01-24/Actor_03/03-01-05-02-02-01-03.wav,Male
447,03,03,01,03,01,02,01,happy,03-01-03-01-02-01-03.wav,/home/batman/Dropbox/DATA/audio Ryerson/Audio_Speech_Actors_01-24/Actor_03/03-01-03-01-02-01-03.wav,Male
448,03,03,02,03,01,01,01,happy,03-01-03-02-01-01-03.wav,/home/batman/Dropbox/DATA/audio Ryerson/Audio_Speech_Actors_01-24/Actor_03/03-01-03-02-01-01-03.wav,Male
449,03,05,01,03,02,01,01,angry,03-01-05-01-01-02-03.wav,/home/batman/Dropbox/DATA/audio Ryerson/Audio_Speech_Actors_01-24/Actor_03/03-01-05-01-01-02-03.wav,Male
450,03,04,02,03,01,02,01,sad,03-01-04-02-02-01-03.wav,/home/batman/Dropbox/DATA/audio Ryerson/Audio_Speech_Actors_01-24/Actor_03/03-01-04-02-02-01-03.wav,Male
451,03,04,02,03,02,01,01,sad,03-01-04-02-01-02-03.wav,/home/batman/Dropbox/DATA/audio Ryerson/Audio_Speech_Actors_01-24/Actor_03/03-01-04-02-01-02-03.wav,Male
452,03,03,01,03,01,01,01,happy,03-01-03-01-01-01-03.wav,/home/batman/Dropbox/DATA/audio Ryerson/Audio_Speech_Actors_01-24/Actor_03/03-01-03-01-01-01-03.wav,Male
453,03,03,02,03,02,02,01,happy,03-01-03-02-02-02-03.wav,/home/batman/Dropbox/DATA/audio Ryerson/Audio_Speech_Actors_01-24/Actor_03/03-01-03-02-02-02-03.wav,Male
454,03,05,02,03,01,01,01,angry,03-01-05-02-01-01-03.wav,/home/batman/Dropbox/DATA/audio Ryerson/Audio_Speech_Actors_01-24/Actor_03/03-01-05-02-01-01-03.wav,Male
455,03,04,01,03,02,01,01,sad,03-01-04-01-01-02-03.wav,/home/batman/Dropbox/DATA/audio Ryerson/Audio_Speech_Actors_01-24/Actor_03/03-01-04-01-01-02-03.wav,Male
456,15,05,02,03,01,01,01,angry,03-01-05-02-01-01-15.wav,/home/batman/Dropbox/DATA/audio Ryerson/Audio_Speech_Actors_01-24/Actor_15/03-01-05-02-01-01-15.wav,Male
457,15,04,02,03,02,01,01,sad,03-01-04-02-01-02-15.wav,/home/batman/Dropbox/DATA/audio Ryerson/Audio_Speech_Actors_01-24/Actor_15/03-01-04-02-01-02-15.wav,Male
458,15,03,02,03,01,01,01,happy,03-01-03-02-01-01-15.wav,/home/batman/Dropbox/DATA/audio Ryerson/Audio_Speech_Actors_01-24/Actor_15/03-01-03-02-01-01-15.wav,Male
459,15,03,01,03,01,02,01,happy,03-01-03-01-02-01-15.wav,/home/batman/Dropbox/DATA/audio Ryerson/Audio_Speech_Actors_01-24/Actor_15/03-01-03-01-02-01-15.wav,Male
460,15,03,01,03,02,02,01,happy,03-01-03-01-02-02-15.wav,/home/batman/Dropbox/DATA/audio Ryerson/Audio_Speech_Actors_01-24/Actor_15/03-01-03-01-02-02-15.wav,Male
461,15,04,01,03,02,01,01,sad,03-01-04-01-01-02-15.wav,/home/batman/Dropbox/DATA/audio Ryerson/Audio_Speech_Actors_01-24/Actor_15/03-01-04-01-01-02-15.wav,Male
462,15,03,02,03,02,02,01,happy,03-01-03-02-02-02-15.wav,/home/batman/Dropbox/DATA/audio Ryerson/Audio_Speech_Actors_01-24/Actor_15/03-01-03-02-02-02-15.wav,Male
463,15,05,02,03,01,02,01,angry,03-01-05-02-02-01-15.wav,/home/batman/Dropbox/DATA/audio Ryerson/Audio_Speech_Actors_01-24/Actor_15/03-01-05-02-02-01-15.wav,Male
464,15,05,02,03,02,01,01,angry,03-01-05-02-01-02-15.wav,/home/batman/Dropbox/DATA/audio Ryerson/Audio_Speech_Actors_01-24/Actor_15/03-01-05-02-01-02-15.wav,Male
465,15,04,01,03,02,02,01,sad,03-01-04-01-02-02-15.wav,/home/batman/Dropbox/DATA/audio Ryerson/Audio_Speech_Actors_01-24/Actor_15/03-01-04-01-02-02-15.wav,Male
466,15,05,01,03,01,02,01,angry,03-01-05-01-02-01-15.wav,/home/batman/Dropbox/DATA/audio Ryerson/Audio_Speech_Actors_01-24/Actor_15/03-01-05-01-02-01-15.wav,Male
467,15,05,02,03,02,02,01,angry,03-01-05-02-02-02-15.wav,/home/batman/Dropbox/DATA/audio Ryerson/Audio_Speech_Actors_01-24/Actor_15/03-01-05-02-02-02-15.wav,Male
468,15,04,02,03,01,02,01,sad,03-01-04-02-02-01-15.wav,/home/batman/Dropbox/DATA/audio Ryerson/Audio_Speech_Actors_01-24/Actor_15/03-01-04-02-02-01-15.wav,Male
469,15,05,01,03,02,01,01,angry,03-01-05-01-01-02-15.wav,/home/batman/Dropbox/DATA/audio Ryerson/Audio_Speech_Actors_01-24/Actor_15/03-01-05-01-01-02-15.wav,Male
470,15,03,02,03,02,01,01,happy,03-01-03-02-01-02-15.wav,/home/batman/Dropbox/DATA/audio Ryerson/Audio_Speech_Actors_01-24/Actor_15/03-01-03-02-01-02-15.wav,Male
471,15,04,02,03,01,01,01,sad,03-01-04-02-01-01-15.wav,/home/batman/Dropbox/DATA/audio Ryerson/Audio_Speech_Actors_01-24/Actor_15/03-01-04-02-01-01-15.wav,Male
472,15,04,02,03,02,02,01,sad,03-01-04-02-02-02-15.wav,/home/batman/Dropbox/DATA/audio Ryerson/Audio_Speech_Actors_01-24/Actor_15/03-01-04-02-02-02-15.wav,Male
473,15,04,01,03,01,02,01,sad,03-01-04-01-02-01-15.wav,/home/batman/Dropbox/DATA/audio Ryerson/Audio_Speech_Actors_01-24/Actor_15/03-01-04-01-02-01-15.wav,Male
474,15,03,02,03,01,02,01,happy,03-01-03-02-02-01-15.wav,/home/batman/Dropbox/DATA/audio Ryerson/Audio_Speech_Actors_01-24/Actor_15/03-01-03-02-02-01-15.wav,Male
475,15,05,01,03,02,02,01,angry,03-01-05-01-02-02-15.wav,/home/batman/Dropbox/DATA/audio Ryerson/Audio_Speech_Actors_01-24/Actor_15/03-01-05-01-02-02-15.wav,Male
476,15,03,01,03,02,01,01,happy,03-01-03-01-01-02-15.wav,/home/batman/Dropbox/DATA/audio Ryerson/Audio_Speech_Actors_01-24/Actor_15/03-01-03-01-01-02-15.wav,Male
477,15,04,01,03,01,01,01,sad,03-01-04-01-01-01-15.wav,/home/batman/Dropbox/DATA/audio Ryerson/Audio_Speech_Actors_01-24/Actor_15/03-01-04-01-01-01-15.wav,Male
478,15,05,01,03,01,01,01,angry,03-01-05-01-01-01-15.wav,/home/batman/Dropbox/DATA/audio Ryerson/Audio_Speech_Actors_01-24/Actor_15/03-01-05-01-01-01-15.wav,Male
479,15,03,01,03,01,01,01,happy,03-01-03-01-01-01-15.wav,/home/batman/Dropbox/DATA/audio Ryerson/Audio_Speech_Actors_01-24/Actor_15/03-01-03-01-01-01-15.wav,Male
480,06,04,02,03,01,02,01,sad,03-01-04-02-02-01-06.wav,/home/batman/Dropbox/DATA/audio Ryerson/Audio_Speech_Actors_01-24/Actor_06/03-01-04-02-02-01-06.wav,Female
481,06,03,01,03,01,02,01,happy,03-01-03-01-02-01-06.wav,/home/batman/Dropbox/DATA/audio Ryerson/Audio_Speech_Actors_01-24/Actor_06/03-01-03-01-02-01-06.wav,Female
482,06,04,02,03,01,01,01,sad,03-01-04-02-01-01-06.wav,/home/batman/Dropbox/DATA/audio Ryerson/Audio_Speech_Actors_01-24/Actor_06/03-01-04-02-01-01-06.wav,Female
483,06,03,01,03,02,02,01,happy,03-01-03-01-02-02-06.wav,/home/batman/Dropbox/DATA/audio Ryerson/Audio_Speech_Actors_01-24/Actor_06/03-01-03-01-02-02-06.wav,Female
484,06,05,02,03,02,01,01,angry,03-01-05-02-01-02-06.wav,/home/batman/Dropbox/DATA/audio Ryerson/Audio_Speech_Actors_01-24/Actor_06/03-01-05-02-01-02-06.wav,Female
485,06,03,01,03,01,01,01,happy,03-01-03-01-01-01-06.wav,/home/batman/Dropbox/DATA/audio Ryerson/Audio_Speech_Actors_01-24/Actor_06/03-01-03-01-01-01-06.wav,Female
486,06,05,01,03,01,01,01,angry,03-01-05-01-01-01-06.wav,/home/batman/Dropbox/DATA/audio Ryerson/Audio_Speech_Actors_01-24/Actor_06/03-01-05-01-01-01-06.wav,Female
487,06,05,02,03,02,02,01,angry,03-01-05-02-02-02-06.wav,/home/batman/Dropbox/DATA/audio Ryerson/Audio_Speech_Actors_01-24/Actor_06/03-01-05-02-02-02-06.wav,Female
488,06,05,02,03,01,01,01,angry,03-01-05-02-01-01-06.wav,/home/batman/Dropbox/DATA/audio Ryerson/Audio_Speech_Actors_01-24/Actor_06/03-01-05-02-01-01-06.wav,Female
489,06,04,01,03,01,02,01,sad,03-01-04-01-02-01-06.wav,/home/batman/Dropbox/DATA/audio Ryerson/Audio_Speech_Actors_01-24/Actor_06/03-01-04-01-02-01-06.wav,Female
490,06,05,01,03,01,02,01,angry,03-01-05-01-02-01-06.wav,/home/batman/Dropbox/DATA/audio Ryerson/Audio_Speech_Actors_01-24/Actor_06/03-01-05-01-02-01-06.wav,Female
491,06,04,02,03,02,01,01,sad,03-01-04-02-01-02-06.wav,/home/batman/Dropbox/DATA/audio Ryerson/Audio_Speech_Actors_01-24/Actor_06/03-01-04-02-01-02-06.wav,Female
492,06,04,01,03,02,01,01,sad,03-01-04-01-01-02-06.wav,/home/batman/Dropbox/DATA/audio Ryerson/Audio_Speech_Actors_01-24/Actor_06/03-01-04-01-01-02-06.wav,Female
493,06,03,02,03,01,02,01,happy,03-01-03-02-02-01-06.wav,/home/batman/Dropbox/DATA/audio Ryerson/Audio_Speech_Actors_01-24/Actor_06/03-01-03-02-02-01-06.wav,Female
494,06,03,01,03,02,01,01,happy,03-01-03-01-01-02-06.wav,/home/batman/Dropbox/DATA/audio Ryerson/Audio_Speech_Actors_01-24/Actor_06/03-01-03-01-01-02-06.wav,Female
495,06,03,02,03,02,02,01,happy,03-01-03-02-02-02-06.wav,/home/batman/Dropbox/DATA/audio Ryerson/Audio_Speech_Actors_01-24/Actor_06/03-01-03-02-02-02-06.wav,Female
496,06,04,01,03,01,01,01,sad,03-01-04-01-01-01-06.wav,/home/batman/Dropbox/DATA/audio Ryerson/Audio_Speech_Actors_01-24/Actor_06/03-01-04-01-01-01-06.wav,Female
497,06,03,02,03,02,01,01,happy,03-01-03-02-01-02-06.wav,/home/batman/Dropbox/DATA/audio Ryerson/Audio_Speech_Actors_01-24/Actor_06/03-01-03-02-01-02-06.wav,Female
498,06,04,01,03,02,02,01,sad,03-01-04-01-02-02-06.wav,/home/batman/Dropbox/DATA/audio Ryerson/Audio_Speech_Actors_01-24/Actor_06/03-01-04-01-02-02-06.wav,Female
499,06,03,02,03,01,01,01,happy,03-01-03-02-01-01-06.wav,/home/batman/Dropbox/DATA/audio Ryerson/Audio_Speech_Actors_01-24/Actor_06/03-01-03-02-01-01-06.wav,Female
500,06,04,02,03,02,02,01,sad,03-01-04-02-02-02-06.wav,/home/batman/Dropbox/DATA/audio Ryerson/Audio_Speech_Actors_01-24/Actor_06/03-01-04-02-02-02-06.wav,Female
501,06,05,01,03,02,02,01,angry,03-01-05-01-02-02-06.wav,/home/batman/Dropbox/DATA/audio Ryerson/Audio_Speech_Actors_01-24/Actor_06/03-01-05-01-02-02-06.wav,Female
502,06,05,01,03,02,01,01,angry,03-01-05-01-01-02-06.wav,/home/batman/Dropbox/DATA/audio Ryerson/Audio_Speech_Actors_01-24/Actor_06/03-01-05-01-01-02-06.wav,Female
503,06,05,02,03,01,02,01,angry,03-01-05-02-02-01-06.wav,/home/batman/Dropbox/DATA/audio Ryerson/Audio_Speech_Actors_01-24/Actor_06/03-01-05-02-02-01-06.wav,Female
504,19,05,02,03,01,01,01,angry,03-01-05-02-01-01-19.wav,/home/batman/Dropbox/DATA/audio Ryerson/Audio_Speech_Actors_01-24/Actor_19/03-01-05-02-01-01-19.wav,Male
505,19,04,01,03,01,02,01,sad,03-01-04-01-02-01-19.wav,/home/batman/Dropbox/DATA/audio Ryerson/Audio_Speech_Actors_01-24/Actor_19/03-01-04-01-02-01-19.wav,Male
506,19,05,01,03,02,02,01,angry,03-01-05-01-02-02-19.wav,/home/batman/Dropbox/DATA/audio Ryerson/Audio_Speech_Actors_01-24/Actor_19/03-01-05-01-02-02-19.wav,Male
507,19,04,02,03,01,01,01,sad,03-01-04-02-01-01-19.wav,/home/batman/Dropbox/DATA/audio Ryerson/Audio_Speech_Actors_01-24/Actor_19/03-01-04-02-01-01-19.wav,Male
508,19,04,02,03,01,02,01,sad,03-01-04-02-02-01-19.wav,/home/batman/Dropbox/DATA/audio Ryerson/Audio_Speech_Actors_01-24/Actor_19/03-01-04-02-02-01-19.wav,Male
509,19,03,02,03,02,02,01,happy,03-01-03-02-02-02-19.wav,/home/batman/Dropbox/DATA/audio Ryerson/Audio_Speech_Actors_01-24/Actor_19/03-01-03-02-02-02-19.wav,Male
510,19,04,01,03,02,02,01,sad,03-01-04-01-02-02-19.wav,/home/batman/Dropbox/DATA/audio Ryerson/Audio_Speech_Actors_01-24/Actor_19/03-01-04-01-02-02-19.wav,Male
511,19,05,02,03,02,01,01,angry,03-01-05-02-01-02-19.wav,/home/batman/Dropbox/DATA/audio Ryerson/Audio_Speech_Actors_01-24/Actor_19/03-01-05-02-01-02-19.wav,Male
512,19,05,01,03,01,02,01,angry,03-01-05-01-02-01-19.wav,/home/batman/Dropbox/DATA/audio Ryerson/Audio_Speech_Actors_01-24/Actor_19/03-01-05-01-02-01-19.wav,Male
513,19,04,01,03,02,01,01,sad,03-01-04-01-01-02-19.wav,/home/batman/Dropbox/DATA/audio Ryerson/Audio_Speech_Actors_01-24/Actor_19/03-01-04-01-01-02-19.wav,Male
514,19,03,01,03,02,01,01,happy,03-01-03-01-01-02-19.wav,/home/batman/Dropbox/DATA/audio Ryerson/Audio_Speech_Actors_01-24/Actor_19/03-01-03-01-01-02-19.wav,Male
515,19,04,01,03,01,01,01,sad,03-01-04-01-01-01-19.wav,/home/batman/Dropbox/DATA/audio Ryerson/Audio_Speech_Actors_01-24/Actor_19/03-01-04-01-01-01-19.wav,Male
516,19,04,02,03,02,02,01,sad,03-01-04-02-02-02-19.wav,/home/batman/Dropbox/DATA/audio Ryerson/Audio_Speech_Actors_01-24/Actor_19/03-01-04-02-02-02-19.wav,Male
517,19,03,01,03,01,01,01,happy,03-01-03-01-01-01-19.wav,/home/batman/Dropbox/DATA/audio Ryerson/Audio_Speech_Actors_01-24/Actor_19/03-01-03-01-01-01-19.wav,Male
518,19,05,02,03,02,02,01,angry,03-01-05-02-02-02-19.wav,/home/batman/Dropbox/DATA/audio Ryerson/Audio_Speech_Actors_01-24/Actor_19/03-01-05-02-02-02-19.wav,Male
519,19,03,02,03,01,01,01,happy,03-01-03-02-01-01-19.wav,/home/batman/Dropbox/DATA/audio Ryerson/Audio_Speech_Actors_01-24/Actor_19/03-01-03-02-01-01-19.wav,Male
520,19,03,02,03,02,01,01,happy,03-01-03-02-01-02-19.wav,/home/batman/Dropbox/DATA/audio Ryerson/Audio_Speech_Actors_01-24/Actor_19/03-01-03-02-01-02-19.wav,Male
521,19,05,01,03,02,01,01,angry,03-01-05-01-01-02-19.wav,/home/batman/Dropbox/DATA/audio Ryerson/Audio_Speech_Actors_01-24/Actor_19/03-01-05-01-01-02-19.wav,Male
522,19,03,02,03,01,02,01,happy,03-01-03-02-02-01-19.wav,/home/batman/Dropbox/DATA/audio Ryerson/Audio_Speech_Actors_01-24/Actor_19/03-01-03-02-02-01-19.wav,Male
523,19,04,02,03,02,01,01,sad,03-01-04-02-01-02-19.wav,/home/batman/Dropbox/DATA/audio Ryerson/Audio_Speech_Actors_01-24/Actor_19/03-01-04-02-01-02-19.wav,Male
524,19,03,01,03,01,02,01,happy,03-01-03-01-02-01-19.wav,/home/batman/Dropbox/DATA/audio Ryerson/Audio_Speech_Actors_01-24/Actor_19/03-01-03-01-02-01-19.wav,Male
525,19,05,01,03,01,01,01,angry,03-01-05-01-01-01-19.wav,/home/batman/Dropbox/DATA/audio Ryerson/Audio_Speech_Actors_01-24/Actor_19/03-01-05-01-01-01-19.wav,Male
526,19,05,02,03,01,02,01,angry,03-01-05-02-02-01-19.wav,/home/batman/Dropbox/DATA/audio Ryerson/Audio_Speech_Actors_01-24/Actor_19/03-01-05-02-02-01-19.wav,Male
527,19,03,01,03,02,02,01,happy,03-01-03-01-02-02-19.wav,/home/batman/Dropbox/DATA/audio Ryerson/Audio_Speech_Actors_01-24/Actor_19/03-01-03-01-02-02-19.wav,Male
528,12,05,02,03,01,01,01,angry,03-01-05-02-01-01-12.wav,/home/batman/Dropbox/DATA/audio Ryerson/Audio_Speech_Actors_01-24/Actor_12/03-01-05-02-01-01-12.wav,Female
529,12,03,01,03,02,01,01,happy,03-01-03-01-01-02-12.wav,/home/batman/Dropbox/DATA/audio Ryerson/Audio_Speech_Actors_01-24/Actor_12/03-01-03-01-01-02-12.wav,Female
530,12,03,01,03,02,02,01,happy,03-01-03-01-02-02-12.wav,/home/batman/Dropbox/DATA/audio Ryerson/Audio_Speech_Actors_01-24/Actor_12/03-01-03-01-02-02-12.wav,Female
531,12,05,02,03,02,02,01,angry,03-01-05-02-02-02-12.wav,/home/batman/Dropbox/DATA/audio Ryerson/Audio_Speech_Actors_01-24/Actor_12/03-01-05-02-02-02-12.wav,Female
532,12,05,02,03,02,01,01,angry,03-01-05-02-01-02-12.wav,/home/batman/Dropbox/DATA/audio Ryerson/Audio_Speech_Actors_01-24/Actor_12/03-01-05-02-01-02-12.wav,Female
533,12,03,02,03,01,02,01,happy,03-01-03-02-02-01-12.wav,/home/batman/Dropbox/DATA/audio Ryerson/Audio_Speech_Actors_01-24/Actor_12/03-01-03-02-02-01-12.wav,Female
534,12,05,01,03,02,01,01,angry,03-01-05-01-01-02-12.wav,/home/batman/Dropbox/DATA/audio Ryerson/Audio_Speech_Actors_01-24/Actor_12/03-01-05-01-01-02-12.wav,Female
535,12,03,02,03,01,01,01,happy,03-01-03-02-01-01-12.wav,/home/batman/Dropbox/DATA/audio Ryerson/Audio_Speech_Actors_01-24/Actor_12/03-01-03-02-01-01-12.wav,Female
536,12,05,01,03,01,01,01,angry,03-01-05-01-01-01-12.wav,/home/batman/Dropbox/DATA/audio Ryerson/Audio_Speech_Actors_01-24/Actor_12/03-01-05-01-01-01-12.wav,Female
537,12,03,02,03,02,01,01,happy,03-01-03-02-01-02-12.wav,/home/batman/Dropbox/DATA/audio Ryerson/Audio_Speech_Actors_01-24/Actor_12/03-01-03-02-01-02-12.wav,Female
538,12,04,02,03,01,02,01,sad,03-01-04-02-02-01-12.wav,/home/batman/Dropbox/DATA/audio Ryerson/Audio_Speech_Actors_01-24/Actor_12/03-01-04-02-02-01-12.wav,Female
539,12,04,02,03,02,02,01,sad,03-01-04-02-02-02-12.wav,/home/batman/Dropbox/DATA/audio Ryerson/Audio_Speech_Actors_01-24/Actor_12/03-01-04-02-02-02-12.wav,Female
540,12,03,01,03,01,01,01,happy,03-01-03-01-01-01-12.wav,/home/batman/Dropbox/DATA/audio Ryerson/Audio_Speech_Actors_01-24/Actor_12/03-01-03-01-01-01-12.wav,Female
541,12,04,02,03,01,01,01,sad,03-01-04-02-01-01-12.wav,/home/batman/Dropbox/DATA/audio Ryerson/Audio_Speech_Actors_01-24/Actor_12/03-01-04-02-01-01-12.wav,Female
542,12,04,02,03,02,01,01,sad,03-01-04-02-01-02-12.wav,/home/batman/Dropbox/DATA/audio Ryerson/Audio_Speech_Actors_01-24/Actor_12/03-01-04-02-01-02-12.wav,Female
543,12,04,01,03,02,02,01,sad,03-01-04-01-02-02-12.wav,/home/batman/Dropbox/DATA/audio Ryerson/Audio_Speech_Actors_01-24/Actor_12/03-01-04-01-02-02-12.wav,Female
544,12,03,01,03,01,02,01,happy,03-01-03-01-02-01-12.wav,/home/batman/Dropbox/DATA/audio Ryerson/Audio_Speech_Actors_01-24/Actor_12/03-01-03-01-02-01-12.wav,Female
545,12,05,02,03,01,02,01,angry,03-01-05-02-02-01-12.wav,/home/batman/Dropbox/DATA/audio Ryerson/Audio_Speech_Actors_01-24/Actor_12/03-01-05-02-02-01-12.wav,Female
546,12,05,01,03,01,02,01,angry,03-01-05-01-02-01-12.wav,/home/batman/Dropbox/DATA/audio Ryerson/Audio_Speech_Actors_01-24/Actor_12/03-01-05-01-02-01-12.wav,Female
547,12,03,02,03,02,02,01,happy,03-01-03-02-02-02-12.wav,/home/batman/Dropbox/DATA/audio Ryerson/Audio_Speech_Actors_01-24/Actor_12/03-01-03-02-02-02-12.wav,Female
548,12,05,01,03,02,02,01,angry,03-01-05-01-02-02-12.wav,/home/batman/Dropbox/DATA/audio Ryerson/Audio_Speech_Actors_01-24/Actor_12/03-01-05-01-02-02-12.wav,Female
549,12,04,01,03,01,01,01,sad,03-01-04-01-01-01-12.wav,/home/batman/Dropbox/DATA/audio Ryerson/Audio_Speech_Actors_01-24/Actor_12/03-01-04-01-01-01-12.wav,Female
550,12,04,01,03,01,02,01,sad,03-01-04-01-02-01-12.wav,/home/batman/Dropbox/DATA/audio Ryerson/Audio_Speech_Actors_01-24/Actor_12/03-01-04-01-02-01-12.wav,Female
551,12,04,01,03,02,01,01,sad,03-01-04-01-01-02-12.wav,/home/batman/Dropbox/DATA/audio Ryerson/Audio_Speech_Actors_01-24/Actor_12/03-01-04-01-01-02-12.wav,Female
552,21,05,02,03,01,02,01,angry,03-01-05-02-02-01-21.wav,/home/batman/Dropbox/DATA/audio Ryerson/Audio_Speech_Actors_01-24/Actor_21/03-01-05-02-02-01-21.wav,Male
553,21,04,01,03,02,02,01,sad,03-01-04-01-02-02-21.wav,/home/batman/Dropbox/DATA/audio Ryerson/Audio_Speech_Actors_01-24/Actor_21/03-01-04-01-02-02-21.wav,Male
554,21,03,02,03,02,01,01,happy,03-01-03-02-01-02-21.wav,/home/batman/Dropbox/DATA/audio Ryerson/Audio_Speech_Actors_01-24/Actor_21/03-01-03-02-01-02-21.wav,Male
555,21,03,01,03,01,01,01,happy,03-01-03-01-01-01-21.wav,/home/batman/Dropbox/DATA/audio Ryerson/Audio_Speech_Actors_01-24/Actor_21/03-01-03-01-01-01-21.wav,Male
556,21,04,01,03,02,01,01,sad,03-01-04-01-01-02-21.wav,/home/batman/Dropbox/DATA/audio Ryerson/Audio_Speech_Actors_01-24/Actor_21/03-01-04-01-01-02-21.wav,Male
557,21,04,02,03,01,01,01,sad,03-01-04-02-01-01-21.wav,/home/batman/Dropbox/DATA/audio Ryerson/Audio_Speech_Actors_01-24/Actor_21/03-01-04-02-01-01-21.wav,Male
558,21,05,02,03,01,01,01,angry,03-01-05-02-01-01-21.wav,/home/batman/Dropbox/DATA/audio Ryerson/Audio_Speech_Actors_01-24/Actor_21/03-01-05-02-01-01-21.wav,Male
559,21,05,01,03,02,01,01,angry,03-01-05-01-01-02-21.wav,/home/batman/Dropbox/DATA/audio Ryerson/Audio_Speech_Actors_01-24/Actor_21/03-01-05-01-01-02-21.wav,Male
560,21,05,01,03,02,02,01,angry,03-01-05-01-02-02-21.wav,/home/batman/Dropbox/DATA/audio Ryerson/Audio_Speech_Actors_01-24/Actor_21/03-01-05-01-02-02-21.wav,Male
561,21,03,01,03,01,02,01,happy,03-01-03-01-02-01-21.wav,/home/batman/Dropbox/DATA/audio Ryerson/Audio_Speech_Actors_01-24/Actor_21/03-01-03-01-02-01-21.wav,Male
562,21,05,02,03,02,01,01,angry,03-01-05-02-01-02-21.wav,/home/batman/Dropbox/DATA/audio Ryerson/Audio_Speech_Actors_01-24/Actor_21/03-01-05-02-01-02-21.wav,Male
563,21,04,01,03,01,02,01,sad,03-01-04-01-02-01-21.wav,/home/batman/Dropbox/DATA/audio Ryerson/Audio_Speech_Actors_01-24/Actor_21/03-01-04-01-02-01-21.wav,Male
564,21,03,01,03,02,02,01,happy,03-01-03-01-02-02-21.wav,/home/batman/Dropbox/DATA/audio Ryerson/Audio_Speech_Actors_01-24/Actor_21/03-01-03-01-02-02-21.wav,Male
565,21,04,02,03,02,02,01,sad,03-01-04-02-02-02-21.wav,/home/batman/Dropbox/DATA/audio Ryerson/Audio_Speech_Actors_01-24/Actor_21/03-01-04-02-02-02-21.wav,Male
566,21,03,01,03,02,01,01,happy,03-01-03-01-01-02-21.wav,/home/batman/Dropbox/DATA/audio Ryerson/Audio_Speech_Actors_01-24/Actor_21/03-01-03-01-01-02-21.wav,Male
567,21,04,01,03,01,01,01,sad,03-01-04-01-01-01-21.wav,/home/batman/Dropbox/DATA/audio Ryerson/Audio_Speech_Actors_01-24/Actor_21/03-01-04-01-01-01-21.wav,Male
568,21,05,01,03,01,01,01,angry,03-01-05-01-01-01-21.wav,/home/batman/Dropbox/DATA/audio Ryerson/Audio_Speech_Actors_01-24/Actor_21/03-01-05-01-01-01-21.wav,Male
569,21,03,02,03,02,02,01,happy,03-01-03-02-02-02-21.wav,/home/batman/Dropbox/DATA/audio Ryerson/Audio_Speech_Actors_01-24/Actor_21/03-01-03-02-02-02-21.wav,Male
570,21,05,02,03,02,02,01,angry,03-01-05-02-02-02-21.wav,/home/batman/Dropbox/DATA/audio Ryerson/Audio_Speech_Actors_01-24/Actor_21/03-01-05-02-02-02-21.wav,Male
571,21,04,02,03,01,02,01,sad,03-01-04-02-02-01-21.wav,/home/batman/Dropbox/DATA/audio Ryerson/Audio_Speech_Actors_01-24/Actor_21/03-01-04-02-02-01-21.wav,Male
572,21,03,02,03,01,01,01,happy,03-01-03-02-01-01-21.wav,/home/batman/Dropbox/DATA/audio Ryerson/Audio_Speech_Actors_01-24/Actor_21/03-01-03-02-01-01-21.wav,Male
573,21,04,02,03,02,01,01,sad,03-01-04-02-01-02-21.wav,/home/batman/Dropbox/DATA/audio Ryerson/Audio_Speech_Actors_01-24/Actor_21/03-01-04-02-01-02-21.wav,Male
574,21,05,01,03,01,02,01,angry,03-01-05-01-02-01-21.wav,/home/batman/Dropbox/DATA/audio Ryerson/Audio_Speech_Actors_01-24/Actor_21/03-01-05-01-02-01-21.wav,Male
575,21,03,02,03,01,02,01,happy,03-01-03-02-02-01-21.wav,/home/batman/Dropbox/DATA/audio Ryerson/Audio_Speech_Actors_01-24/Actor_21/03-01-03-02-02-01-21.wav,Male
